month,commodity_name,avg_modal_price,avg_min_price,avg_max_price,state_name,district_name,calculationType,change,year,month_num,season
2020-09-01,Potato,2593.81,2429.07,2748.93,India,All,Monthly,297.56,2020,9,Post-Monsoon
2024-07-01,Potato,2858.23,2607.04,2999.22,India,All,Monthly,778.67,2024,7,Monsoon
2019-10-01,Banana,2795.57,2592.19,2993.05,India,All,Monthly,-88.27,2019,10,Post-Monsoon
2021-12-01,Banana,2513.03,2334.45,2667.22,India,All,Monthly,6.18,2021,12,Winter
2020-07-01,Cauliflower,2176.37,1901.13,2421.93,India,All,Monthly,408.03,2020,7,Monsoon
2020-10-01,Onion,3731.06,3348.88,4045.21,India,All,Monthly,1437.55,2020,10,Post-Monsoon
2025-03-01,Apple,10509.66,9497.96,11254.53,India,All,Monthly,483.67,2025,3,Summer
2023-11-01,Mango,9193.29,7477.18,10371.68,India,All,Monthly,536.17,2023,11,Post-Monsoon
2017-07-01,Turmeric,6967.42,6003.98,7576.79,India,All,Monthly,749.46,2017,7,Monsoon
2018-09-01,Black pepper,34276.38,32837.09,35439.95,India,All,Monthly,1261.54,2018,9,Post-Monsoon
2019-06-01,Mango,3264.84,2702.83,3823.0,India,All,Monthly,-690.23,2019,6,Monsoon
2024-11-01,Black pepper,60707.75,57400.05,63200.25,India,All,Monthly,1433.49,2024,11,Post-Monsoon
2020-03-01,Potato,1414.12,1292.11,1526.73,India,All,Monthly,109.53,2020,3,Summer
2019-10-01,Mango,6636.27,6101.3,7066.45,India,All,Monthly,-490.15,2019,10,Post-Monsoon
2018-01-01,Onion,3261.72,2968.97,3493.01,India,All,Monthly,-62.45,2018,1,Winter
