month,commodity_name,avg_modal_price,avg_min_price,avg_max_price,state_name,district_name,calculationType,change
"2025-03-01","Black pepper",63816.8,60924.17,66371.76,"India","All","Monthly","+3314.09"
"2025-02-01","Black pepper",60502.71,57061.01,63247.47,"India","All","Monthly","+451.80"
"2025-01-01","Black pepper",60050.91,56877.5,62736.85,"India","All","Monthly","-826.06"
"2024-12-01","Black pepper",60876.97,57535.32,63147.55,"India","All","Monthly","+169.22"
"2024-11-01","Black pepper",60707.75,57400.05,63200.25,"India","All","Monthly","+1433.49"
"2024-10-01","Black pepper",59274.26,56260.75,61968.17,"India","All","Monthly","-1549.95"
"2024-09-01","Black pepper",60824.21,57674.79,64131.92,"India","All","Monthly","+1478.75"
"2024-08-01","Black pepper",59345.46,56330.74,61810.15,"India","All","Monthly","-515.47"
"2024-07-01","Black pepper",59860.93,56388.14,62507.27,"India","All","Monthly","+1170.03"
"2024-06-01","Black pepper",58690.9,54942.09,61026.39,"India","All","Monthly","+5091.76"
"2024-05-01","Black pepper",53599.14,50268.03,55594.63,"India","All","Monthly","+3238.64"
"2024-04-01","Black pepper",50360.5,47661.53,52177.52,"India","All","Monthly","+1200.43"
"2024-03-01","Black pepper",49160.07,46877.19,51120.15,"India","All","Monthly","-4530.42"
"2024-02-01","Black pepper",53690.49,51451.29,55357.55,"India","All","Monthly","-3203.76"
"2024-01-01","Black pepper",56894.25,55103.8,58581.57,"India","All","Monthly","-278.81"
"2023-12-01","Black pepper",57173.06,55207.09,59040.83,"India","All","Monthly","+1513.62"
"2023-11-01","Black pepper",55659.44,53963.64,57119.58,"India","All","Monthly","-1544.50"
"2023-10-01","Black pepper",57203.94,55407.88,58713.29,"India","All","Monthly","-533.12"
"2023-09-01","Black pepper",57737.06,55798.8,59325.07,"India","All","Monthly","+1902.22"
"2023-08-01","Black pepper",55834.84,53214.11,57604.1,"India","All","Monthly","-832.91"
"2023-07-01","Black pepper",56667.75,55026.94,58016.1,"India","All","Monthly","+10420.75"
"2023-06-01","Black pepper",46247,44395.3,47737.49,"India","All","Monthly","+793.45"
"2023-05-01","Black pepper",45453.55,43469.28,47119.3,"India","All","Monthly","-230.91"
"2023-04-01","Black pepper",45684.46,43805.05,47304.51,"India","All","Monthly","-165.05"
"2023-03-01","Black pepper",45849.51,43855.96,47454.89,"India","All","Monthly","-401.50"
"2023-02-01","Black pepper",46251.01,44315.45,47691.33,"India","All","Monthly","-232.11"
"2023-01-01","Black pepper",46483.12,44566.38,47783.4,"India","All","Monthly","-638.02"
"2022-12-01","Black pepper",47121.14,45420.97,48414.45,"India","All","Monthly","+696.16"
"2022-11-01","Black pepper",46424.98,44815.39,47596.41,"India","All","Monthly","-390.78"
"2022-10-01","Black pepper",46815.76,45301.39,47903.64,"India","All","Monthly","-423.86"
"2022-09-01","Black pepper",47239.62,45757,48475,"India","All","Monthly","+195.51"
"2022-08-01","Black pepper",47044.11,45378.14,48460.88,"India","All","Monthly","+604.58"
"2022-07-01","Black pepper",46439.53,44981.88,47546.69,"India","All","Monthly","+58.06"
"2022-06-01","Black pepper",46381.47,44452.37,47760.01,"India","All","Monthly","-1377.28"
"2022-05-01","Black pepper",47758.75,45469.45,49428.63,"India","All","Monthly","-660.32"
"2022-04-01","Black pepper",48419.07,46299.71,49989.34,"India","All","Monthly","+994.60"
"2022-03-01","Black pepper",47424.47,44434.52,49320.56,"India","All","Monthly","+843.42"
"2022-02-01","Black pepper",46581.05,44269.23,48190.73,"India","All","Monthly","-202.87"
"2022-01-01","Black pepper",46783.92,44398.58,47944.61,"India","All","Monthly","-2062.89"
"2021-12-01","Black pepper",48846.81,46617.85,50123.91,"India","All","Monthly","+2642.13"
"2021-11-01","Black pepper",46204.68,44518.44,47554.89,"India","All","Monthly","+6490.58"
"2021-10-01","Black pepper",39714.1,38536.25,40417.76,"India","All","Monthly","+1867.49"
"2021-09-01","Black pepper",37846.61,36681.33,38537.73,"India","All","Monthly","+472.49"
"2021-08-01","Black pepper",37374.12,36357.67,38193.36,"India","All","Monthly","-148.05"
"2021-07-01","Black pepper",37522.17,36431.15,38330.26,"India","All","Monthly","+354.75"
"2021-06-01","Black pepper",37167.42,36093.12,37792.25,"India","All","Monthly","+2293.43"
"2021-05-01","Black pepper",34873.99,34101.91,35337.13,"India","All","Monthly","-876.32"
"2021-04-01","Black pepper",35750.31,34368.5,36760.24,"India","All","Monthly","+2984.36"
"2021-03-01","Black pepper",32765.95,31315.33,33903.93,"India","All","Monthly","+1738.79"
"2021-02-01","Black pepper",31027.16,29894.43,32027.33,"India","All","Monthly","-251.31"
"2021-01-01","Black pepper",31278.47,30264.73,32171.32,"India","All","Monthly","-36.08"
"2020-12-01","Black pepper",31314.55,30250.41,32305.48,"India","All","Monthly","+123.55"
"2020-11-01","Black pepper",31191,30198.73,31988.05,"India","All","Monthly","+185.04"
"2020-10-01","Black pepper",31005.96,30071.17,31951.93,"India","All","Monthly","+1051.97"
"2020-09-01","Black pepper",29953.99,28896.68,30915.56,"India","All","Monthly","+180.53"
"2020-08-01","Black pepper",29773.46,28710.81,30714.05,"India","All","Monthly","+728.05"
"2020-07-01","Black pepper",29045.41,28274.72,29733.63,"India","All","Monthly","+162.27"
"2020-06-01","Black pepper",28883.14,27694.76,29907.16,"India","All","Monthly","+311.82"
"2020-05-01","Black pepper",28571.32,26990.85,29789.28,"India","All","Monthly","+770.67"
"2020-04-01","Black pepper",27800.65,26760.06,28727.2,"India","All","Monthly","-420.79"
"2020-03-01","Black pepper",28221.44,27076.63,29329.19,"India","All","Monthly","-555.97"
"2020-02-01","Black pepper",28777.41,27724.95,29818.75,"India","All","Monthly","-909.80"
"2020-01-01","Black pepper",29687.21,28507.58,30945.12,"India","All","Monthly","-380.53"
"2019-12-01","Black pepper",30067.74,28780.54,31483.83,"India","All","Monthly","+774.37"
"2019-11-01","Black pepper",29293.37,28262.73,30400.71,"India","All","Monthly","+192.15"
"2019-10-01","Black pepper",29101.22,28219.04,30017.47,"India","All","Monthly","-884.56"
"2019-09-01","Black pepper",29985.78,28813.7,31002.53,"India","All","Monthly","-892.49"
"2019-08-01","Black pepper",30878.27,29864.74,31817.23,"India","All","Monthly","+73.74"
"2019-07-01","Black pepper",30804.53,29692.45,31682.49,"India","All","Monthly","-772.07"
"2019-06-01","Black pepper",31576.6,30478.32,32476.82,"India","All","Monthly","+256.46"
"2019-05-01","Black pepper",31320.14,30016.54,32542.92,"India","All","Monthly","+1116.93"
"2019-04-01","Black pepper",30203.21,28871.4,31360.81,"India","All","Monthly","+8.58"
"2019-03-01","Black pepper",30194.63,28871.07,31411.12,"India","All","Monthly","-1082.77"
"2019-02-01","Black pepper",31277.4,30035.21,32183.12,"India","All","Monthly","-670.71"
"2019-01-01","Black pepper",31948.11,30600.19,32829.6,"India","All","Monthly","-1820.23"
"2018-12-01","Black pepper",33768.34,32593.56,34486.08,"India","All","Monthly","-164.06"
"2018-11-01","Black pepper",33932.4,32745.66,35015.69,"India","All","Monthly","-166.56"
"2018-10-01","Black pepper",34098.96,32907.66,35047.28,"India","All","Monthly","-177.42"
"2018-09-01","Black pepper",34276.38,32837.09,35439.95,"India","All","Monthly","+1261.54"
"2018-08-01","Black pepper",33014.84,31372.26,34177.26,"India","All","Monthly","+2304.01"
"2018-07-01","Black pepper",30710.83,29591.97,31761.57,"India","All","Monthly","-3165.17"
"2018-06-01","Black pepper",33876,32621.56,34934.36,"India","All","Monthly","-1308.90"
"2018-05-01","Black pepper",35184.9,33960.26,36268.11,"India","All","Monthly","+181.64"
"2018-04-01","Black pepper",35003.26,33781.97,35998.23,"India","All","Monthly","-937.53"
"2018-03-01","Black pepper",35940.79,34728.21,38256.32,"India","All","Monthly","-3511.85"
"2018-02-01","Black pepper",39452.64,38275.85,40366.2,"India","All","Monthly","-2149.24"
"2018-01-01","Black pepper",41601.88,40118.46,42464.33,"India","All","Monthly","-4.80"
"2017-12-01","Black pepper",41606.68,40285.75,42503.57,"India","All","Monthly","+929.32"
"2017-11-01","Black pepper",40677.36,39454.67,41522.76,"India","All","Monthly","-967.83"
"2017-10-01","Black pepper",41645.19,40448.41,42532.08,"India","All","Monthly","-1768.34"
"2017-09-01","Black pepper",43413.53,42015.16,44407.11,"India","All","Monthly","-3360.18"
"2017-08-01","Black pepper",46773.71,45039.18,47863.29,"India","All","Monthly","-1594.52"
"2017-07-01","Black pepper",48368.23,46778.74,49587,"India","All","Monthly","-1390.69"
"2017-06-01","Black pepper",49758.92,48206.93,50904.5,"India","All","Monthly","+219.54"
"2017-05-01","Black pepper",49539.38,47753.26,50891.4,"India","All","Monthly","-5172.06"
"2017-04-01","Black pepper",54711.44,52641.79,56582.36,"India","All","Monthly","-1789.12"
"2017-03-01","Black pepper",56500.56,54511.88,58165.02,"India","All","Monthly","-1032.38"
"2017-02-01","Black pepper",57532.94,55903.52,58913.45,"India","All","Monthly","-4080.97"
"2017-01-01","Black pepper",61613.91,59776.72,63203.36,"India","All","Monthly","N/A"