month,commodity_name,avg_modal_price,avg_min_price,avg_max_price,state_name,district_name,calculationType,change
"2025-03-01","Cauliflower",1652.25,1435.5,1760.8,"India","All","Monthly","+48.17"
"2025-02-01","Cauliflower",1604.08,1397.32,1704.56,"India","All","Monthly","-185.19"
"2025-01-01","Cauliflower",1789.27,1570.46,1902.6,"India","All","Monthly","-1035.36"
"2024-12-01","Cauliflower",2824.63,2523.94,3000.65,"India","All","Monthly","-472.31"
"2024-11-01","Cauliflower",3296.94,2939.64,3520.46,"India","All","Monthly","-469.57"
"2024-10-01","Cauliflower",3766.51,3313.28,4047.34,"India","All","Monthly","+46.54"
"2024-09-01","Cauliflower",3719.97,3247.51,4002,"India","All","Monthly","+19.60"
"2024-08-01","Cauliflower",3700.37,3236.99,3938.49,"India","All","Monthly","-118.77"
"2024-07-01","Cauliflower",3819.14,3369.36,4094.2,"India","All","Monthly","+966.97"
"2024-06-01","Cauliflower",2852.17,2517.55,3137.09,"India","All","Monthly","+339.39"
"2024-05-01","Cauliflower",2512.78,2203.1,2784.5,"India","All","Monthly","+659.21"
"2024-04-01","Cauliflower",1853.57,1659.19,2027.96,"India","All","Monthly","-131.54"
"2024-03-01","Cauliflower",1985.11,1778.78,2167.92,"India","All","Monthly","+248.00"
"2024-02-01","Cauliflower",1737.11,1550.3,1903.91,"India","All","Monthly","-32.55"
"2024-01-01","Cauliflower",1769.66,1582.35,1945.02,"India","All","Monthly","+77.20"
"2023-12-01","Cauliflower",1692.46,1506.7,1858.7,"India","All","Monthly","-204.20"
"2023-11-01","Cauliflower",1896.66,1694.73,2074.73,"India","All","Monthly","-780.83"
"2023-10-01","Cauliflower",2677.49,2367.1,2951.78,"India","All","Monthly","-166.72"
"2023-09-01","Cauliflower",2844.21,2507.8,3149.62,"India","All","Monthly","-870.08"
"2023-08-01","Cauliflower",3714.29,3287.53,4146.6,"India","All","Monthly","+194.17"
"2023-07-01","Cauliflower",3520.12,3086.47,3919.14,"India","All","Monthly","+1032.81"
"2023-06-01","Cauliflower",2487.31,2186.58,2750,"India","All","Monthly","+463.39"
"2023-05-01","Cauliflower",2023.92,1778.75,2232.36,"India","All","Monthly","+450.36"
"2023-04-01","Cauliflower",1573.56,1388.73,1740.93,"India","All","Monthly","+102.24"
"2023-03-01","Cauliflower",1471.32,1300.42,1622.79,"India","All","Monthly","+218.11"
"2023-02-01","Cauliflower",1253.21,1112.51,1384.51,"India","All","Monthly","-206.10"
"2023-01-01","Cauliflower",1459.31,1305.57,1596.52,"India","All","Monthly","-78.82"
"2022-12-01","Cauliflower",1538.13,1380.51,1679.47,"India","All","Monthly","-503.53"
"2022-11-01","Cauliflower",2041.66,1842.71,2218.73,"India","All","Monthly","-1044.13"
"2022-10-01","Cauliflower",3085.79,2763.3,3369.62,"India","All","Monthly","-302.58"
"2022-09-01","Cauliflower",3388.37,3039.23,3713.87,"India","All","Monthly","+185.61"
"2022-08-01","Cauliflower",3202.76,2834.89,3545.7,"India","All","Monthly","+413.57"
"2022-07-01","Cauliflower",2789.19,2448.58,3101.69,"India","All","Monthly","+85.84"
"2022-06-01","Cauliflower",2703.35,2368.56,2998.55,"India","All","Monthly","+15.86"
"2022-05-01","Cauliflower",2687.49,2355.59,2966.71,"India","All","Monthly","+779.52"
"2022-04-01","Cauliflower",1907.97,1682.87,2110.65,"India","All","Monthly","+419.02"
"2022-03-01","Cauliflower",1488.95,1323.71,1636.57,"India","All","Monthly","-398.47"
"2022-02-01","Cauliflower",1887.42,1685.73,2057.97,"India","All","Monthly","-91.52"
"2022-01-01","Cauliflower",1978.94,1775.8,2161.54,"India","All","Monthly","-19.81"
"2021-12-01","Cauliflower",1998.75,1799.76,2183.29,"India","All","Monthly","-494.69"
"2021-11-01","Cauliflower",2493.44,2257.82,2705.6,"India","All","Monthly","-57.93"
"2021-10-01","Cauliflower",2551.37,2257.77,2821.63,"India","All","Monthly","+154.42"
"2021-09-01","Cauliflower",2396.95,2105.99,2666.28,"India","All","Monthly","-72.52"
"2021-08-01","Cauliflower",2469.47,2190.71,2729.37,"India","All","Monthly","+43.39"
"2021-07-01","Cauliflower",2426.08,2159.98,2670.82,"India","All","Monthly","+406.27"
"2021-06-01","Cauliflower",2019.81,1777.07,2242.96,"India","All","Monthly","+503.56"
"2021-05-01","Cauliflower",1516.25,1336.9,1684.23,"India","All","Monthly","+223.08"
"2021-04-01","Cauliflower",1293.17,1130.89,1443.18,"India","All","Monthly","+322.61"
"2021-03-01","Cauliflower",970.56,844.8,1090.48,"India","All","Monthly","-17.71"
"2021-02-01","Cauliflower",988.27,866.77,1103.38,"India","All","Monthly","-8.50"
"2021-01-01","Cauliflower",996.77,881.46,1115.24,"India","All","Monthly","-265.30"
"2020-12-01","Cauliflower",1262.07,1122.06,1403.04,"India","All","Monthly","-739.92"
"2020-11-01","Cauliflower",2001.99,1801.51,2187.35,"India","All","Monthly","-1045.56"
"2020-10-01","Cauliflower",3047.55,2736.36,3328.68,"India","All","Monthly","-70.49"
"2020-09-01","Cauliflower",3118.04,2743.57,3452.31,"India","All","Monthly","+408.45"
"2020-08-01","Cauliflower",2709.59,2377.73,3002.41,"India","All","Monthly","+533.22"
"2020-07-01","Cauliflower",2176.37,1901.13,2421.93,"India","All","Monthly","+408.03"
"2020-06-01","Cauliflower",1768.34,1541.88,1976.31,"India","All","Monthly","+317.75"
"2020-05-01","Cauliflower",1450.59,1280.54,1607.2,"India","All","Monthly","+182.80"
"2020-04-01","Cauliflower",1267.79,1138.25,1394.14,"India","All","Monthly","-49.83"
"2020-03-01","Cauliflower",1317.62,1176.55,1452.68,"India","All","Monthly","+67.35"
"2020-02-01","Cauliflower",1250.27,1116.5,1374.27,"India","All","Monthly","-274.14"
"2020-01-01","Cauliflower",1524.41,1368.66,1675.42,"India","All","Monthly","-266.10"
"2019-12-01","Cauliflower",1790.51,1600.94,1971.9,"India","All","Monthly","-134.04"
"2019-11-01","Cauliflower",1924.55,1723.41,2112.99,"India","All","Monthly","-751.08"
"2019-10-01","Cauliflower",2675.63,2380.5,2956.82,"India","All","Monthly","+106.91"
"2019-09-01","Cauliflower",2568.72,2257.51,2847.13,"India","All","Monthly","-54.70"
"2019-08-01","Cauliflower",2623.42,2286.14,2926.46,"India","All","Monthly","+285.91"
"2019-07-01","Cauliflower",2337.51,2046.15,2600.56,"India","All","Monthly","+257.08"
"2019-06-01","Cauliflower",2080.43,1828.1,2311.72,"India","All","Monthly","-18.00"
"2019-05-01","Cauliflower",2098.43,1857.77,2320.19,"India","All","Monthly","+529.41"
"2019-04-01","Cauliflower",1569.02,1391.08,1735.78,"India","All","Monthly","+237.71"
"2019-03-01","Cauliflower",1331.31,1177.02,1469,"India","All","Monthly","+414.81"
"2019-02-01","Cauliflower",916.5,796.96,1028.77,"India","All","Monthly","-129.76"
"2019-01-01","Cauliflower",1046.26,916.98,1171.14,"India","All","Monthly","-170.31"
"2018-12-01","Cauliflower",1216.57,1070.79,1356.49,"India","All","Monthly","-165.95"
"2018-11-01","Cauliflower",1382.52,1228.86,1526.87,"India","All","Monthly","-686.86"
"2018-10-01","Cauliflower",2069.38,1853.92,2280.68,"India","All","Monthly","-264.66"
"2018-09-01","Cauliflower",2334.04,2051.45,2611.72,"India","All","Monthly","-74.56"
"2018-08-01","Cauliflower",2408.6,2118.47,2665.32,"India","All","Monthly","-163.86"
"2018-07-01","Cauliflower",2572.46,2250.75,2876.66,"India","All","Monthly","+624.00"
"2018-06-01","Cauliflower",1948.46,1708.72,2179.3,"India","All","Monthly","+443.53"
"2018-05-01","Cauliflower",1504.93,1329.17,1677.24,"India","All","Monthly","+412.84"
"2018-04-01","Cauliflower",1092.09,956.83,1217.54,"India","All","Monthly","+185.07"
"2018-03-01","Cauliflower",907.02,792.95,1015.39,"India","All","Monthly","-133.87"
"2018-02-01","Cauliflower",1040.89,919.5,1160.88,"India","All","Monthly","-329.91"
"2018-01-01","Cauliflower",1370.8,1215.78,1517.12,"India","All","Monthly","-360.34"
"2017-12-01","Cauliflower",1731.14,1548.03,1901.42,"India","All","Monthly","-277.14"
"2017-11-01","Cauliflower",2008.28,1801.4,2210.98,"India","All","Monthly","-210.86"
"2017-10-01","Cauliflower",2219.14,1981.24,2466.72,"India","All","Monthly","-283.29"
"2017-09-01","Cauliflower",2502.43,2197.84,2809.09,"India","All","Monthly","-137.66"
"2017-08-01","Cauliflower",2640.09,2316.06,2946.49,"India","All","Monthly","+153.29"
"2017-07-01","Cauliflower",2486.8,2179.93,2785.3,"India","All","Monthly","+377.07"
"2017-06-01","Cauliflower",2109.73,1848.33,2360.63,"India","All","Monthly","+28.86"
"2017-05-01","Cauliflower",2080.87,1845.15,2314.05,"India","All","Monthly","+646.40"
"2017-04-01","Cauliflower",1434.47,1287.59,1613.62,"India","All","Monthly","+359.53"
"2017-03-01","Cauliflower",1074.94,961.07,1217.23,"India","All","Monthly","+216.79"
"2017-02-01","Cauliflower",858.15,765.58,974.12,"India","All","Monthly","+2.14"
"2017-01-01","Cauliflower",856.01,759.21,977.88,"India","All","Monthly","N/A"