month,commodity_name,avg_modal_price,avg_min_price,avg_max_price,state_name,district_name,calculationType,change
"2025-03-01","Pineapple",5558.35,5070.42,5994.79,"India","All","Monthly","+271.00"
"2025-02-01","Pineapple",5287.35,4814.24,5716.71,"India","All","Monthly","+84.45"
"2025-01-01","Pineapple",5202.9,4691.01,5608.45,"India","All","Monthly","+132.46"
"2024-12-01","Pineapple",5070.44,4570.51,5444.31,"India","All","Monthly","-403.34"
"2024-11-01","Pineapple",5473.78,4921.12,5900.21,"India","All","Monthly","-423.12"
"2024-10-01","Pineapple",5896.9,5306.21,6364.73,"India","All","Monthly","+197.68"
"2024-09-01","Pineapple",5699.22,5112.27,6157.1,"India","All","Monthly","+198.39"
"2024-08-01","Pineapple",5500.83,4968.35,5934.95,"India","All","Monthly","+551.88"
"2024-07-01","Pineapple",4948.95,4428.7,5418.66,"India","All","Monthly","+458.11"
"2024-06-01","Pineapple",4490.84,4032.59,4992.37,"India","All","Monthly","-1256.12"
"2024-05-01","Pineapple",5746.96,5228.97,6378.29,"India","All","Monthly","+254.26"
"2024-04-01","Pineapple",5492.7,5002.08,6094.51,"India","All","Monthly","+686.70"
"2024-03-01","Pineapple",4806,4415.09,5225.62,"India","All","Monthly","-233.07"
"2024-02-01","Pineapple",5039.07,4639.44,5444.12,"India","All","Monthly","-74.42"
"2024-01-01","Pineapple",5113.49,4728.57,5494.54,"India","All","Monthly","-53493.83"
"2023-12-01","Pineapple",58607.32,58439.02,58775.61,"India","All","Monthly","+54250.89"
"2023-11-01","Pineapple",4356.43,3901.54,4850.09,"India","All","Monthly","-73.89"
"2023-10-01","Pineapple",4430.32,3950.14,4944,"India","All","Monthly","-12.40"
"2023-09-01","Pineapple",4442.72,3988.2,4957.35,"India","All","Monthly","+184.49"
"2023-08-01","Pineapple",4258.23,3804.78,4751.12,"India","All","Monthly","+256.91"
"2023-07-01","Pineapple",4001.32,3499.84,4558.27,"India","All","Monthly","+83.90"
"2023-06-01","Pineapple",3917.42,3446.03,4450.1,"India","All","Monthly","-433.43"
"2023-05-01","Pineapple",4350.85,3868.16,4890.48,"India","All","Monthly","-138.65"
"2023-04-01","Pineapple",4489.5,3984.3,5079.11,"India","All","Monthly","-582.20"
"2023-03-01","Pineapple",5071.7,4546.55,5629.75,"India","All","Monthly","+775.26"
"2023-02-01","Pineapple",4296.44,3854.94,4784.13,"India","All","Monthly","+173.35"
"2023-01-01","Pineapple",4123.09,3728.8,4572.06,"India","All","Monthly","+280.35"
"2022-12-01","Pineapple",3842.74,3439.84,4292,"India","All","Monthly","+357.95"
"2022-11-01","Pineapple",3484.79,3076.74,3926.6,"India","All","Monthly","-377.91"
"2022-10-01","Pineapple",3862.7,3411.24,4318.6,"India","All","Monthly","-419.38"
"2022-09-01","Pineapple",4282.08,3808.46,4777.07,"India","All","Monthly","+679.06"
"2022-08-01","Pineapple",3603.02,3154.79,4077.94,"India","All","Monthly","-172.83"
"2022-07-01","Pineapple",3775.85,3340.08,4223.93,"India","All","Monthly","-271.68"
"2022-06-01","Pineapple",4047.53,3556.15,4607.27,"India","All","Monthly","+543.84"
"2022-05-01","Pineapple",3503.69,3024.15,4032.19,"India","All","Monthly","-674.08"
"2022-04-01","Pineapple",4177.77,3641.41,4773.72,"India","All","Monthly","+160.69"
"2022-03-01","Pineapple",4017.08,3533.99,4534.83,"India","All","Monthly","+521.11"
"2022-02-01","Pineapple",3495.97,3087.24,3929.39,"India","All","Monthly","+132.14"
"2022-01-01","Pineapple",3363.83,2982.32,3767.34,"India","All","Monthly","+459.08"
"2021-12-01","Pineapple",2904.75,2596.55,3215.01,"India","All","Monthly","+9.57"
"2021-11-01","Pineapple",2895.18,2582.62,3198.5,"India","All","Monthly","-158.19"
"2021-10-01","Pineapple",3053.37,2721.86,3378.92,"India","All","Monthly","-141.82"
"2021-09-01","Pineapple",3195.19,2864.3,3511.78,"India","All","Monthly","+216.26"
"2021-08-01","Pineapple",2978.93,2628.09,3301.29,"India","All","Monthly","+176.86"
"2021-07-01","Pineapple",2802.07,2482.35,3100.26,"India","All","Monthly","+313.02"
"2021-06-01","Pineapple",2489.05,2202.1,2758.05,"India","All","Monthly","-394.97"
"2021-05-01","Pineapple",2884.02,2540.92,3206.86,"India","All","Monthly","-793.78"
"2021-04-01","Pineapple",3677.8,3286.84,3999.97,"India","All","Monthly","+860.90"
"2021-03-01","Pineapple",2816.9,2476.3,3116.26,"India","All","Monthly","+108.58"
"2021-02-01","Pineapple",2708.32,2371.27,3011.33,"India","All","Monthly","+123.59"
"2021-01-01","Pineapple",2584.73,2269.17,2875.65,"India","All","Monthly","-31.64"
"2020-12-01","Pineapple",2616.37,2304.91,2918.31,"India","All","Monthly","-134.22"
"2020-11-01","Pineapple",2750.59,2406.84,3043.84,"India","All","Monthly","-301.07"
"2020-10-01","Pineapple",3051.66,2702.1,3388.15,"India","All","Monthly","+122.30"
"2020-09-01","Pineapple",2929.36,2510.47,3340.85,"India","All","Monthly","+502.73"
"2020-08-01","Pineapple",2426.63,2086.96,2721.05,"India","All","Monthly","+295.99"
"2020-07-01","Pineapple",2130.64,1831.13,2400.75,"India","All","Monthly","-201.44"
"2020-06-01","Pineapple",2332.08,2003.54,2621.39,"India","All","Monthly","-64.20"
"2020-05-01","Pineapple",2396.28,2044.25,2721.61,"India","All","Monthly","-21.03"
"2020-04-01","Pineapple",2417.31,2112.45,2692.7,"India","All","Monthly","-791.37"
"2020-03-01","Pineapple",3208.68,2873.39,3503.76,"India","All","Monthly","-1.12"
"2020-02-01","Pineapple",3209.8,2838.99,3516.34,"India","All","Monthly","-1.23"
"2020-01-01","Pineapple",3211.03,2853.22,3519,"India","All","Monthly","+15.57"
"2019-12-01","Pineapple",3195.46,2830.43,3533.97,"India","All","Monthly","+177.21"
"2019-11-01","Pineapple",3018.25,2683.03,3322.7,"India","All","Monthly","-149.09"
"2019-10-01","Pineapple",3167.34,2831.78,3476.09,"India","All","Monthly","+192.58"
"2019-09-01","Pineapple",2974.76,2607.11,3315.92,"India","All","Monthly","+16.38"
"2019-08-01","Pineapple",2958.38,2599.31,3291.79,"India","All","Monthly","-121.09"
"2019-07-01","Pineapple",3079.47,2713.44,3415.99,"India","All","Monthly","+72.28"
"2019-06-01","Pineapple",3007.19,2635.56,3372.33,"India","All","Monthly","-360.18"
"2019-05-01","Pineapple",3367.37,3009.92,3709.61,"India","All","Monthly","+203.56"
"2019-04-01","Pineapple",3163.81,2801.94,3530.16,"India","All","Monthly","+467.19"
"2019-03-01","Pineapple",2696.62,2367.81,3001.39,"India","All","Monthly","+334.78"
"2019-02-01","Pineapple",2361.84,2056.97,2656.13,"India","All","Monthly","+30.53"
"2019-01-01","Pineapple",2331.31,2020.25,2610.15,"India","All","Monthly","-175.29"
"2018-12-01","Pineapple",2506.6,2183.13,2802.32,"India","All","Monthly","-269.62"
"2018-11-01","Pineapple",2776.22,2402.45,3079.16,"India","All","Monthly","-300.13"
"2018-10-01","Pineapple",3076.35,2695.68,3437.22,"India","All","Monthly","+374.28"
"2018-09-01","Pineapple",2702.07,2379.62,3068.05,"India","All","Monthly","-55.07"
"2018-08-01","Pineapple",2757.14,2379.42,3126.55,"India","All","Monthly","+2.81"
"2018-07-01","Pineapple",2754.33,2412.49,3091.12,"India","All","Monthly","-77.06"
"2018-06-01","Pineapple",2831.39,2428.67,3194.13,"India","All","Monthly","-158.93"
"2018-05-01","Pineapple",2990.32,2594.06,3356.37,"India","All","Monthly","+46.66"
"2018-04-01","Pineapple",2943.66,2587.27,3291.15,"India","All","Monthly","+271.57"
"2018-03-01","Pineapple",2672.09,2337.81,3013.04,"India","All","Monthly","-38.55"
"2018-02-01","Pineapple",2710.64,2398.4,3017.11,"India","All","Monthly","+28.81"
"2018-01-01","Pineapple",2681.83,2359.24,2986.25,"India","All","Monthly","+87.31"
"2017-12-01","Pineapple",2594.52,2293.05,2870.5,"India","All","Monthly","-190.31"
"2017-11-01","Pineapple",2784.83,2477.2,3102.29,"India","All","Monthly","-67.67"
"2017-10-01","Pineapple",2852.5,2502.73,3168.07,"India","All","Monthly","-51.20"
"2017-09-01","Pineapple",2903.7,2519.96,3221.09,"India","All","Monthly","+72.86"
"2017-08-01","Pineapple",2830.84,2492.72,3111,"India","All","Monthly","+9.25"
"2017-07-01","Pineapple",2821.59,2484.1,3108.29,"India","All","Monthly","+55.82"
"2017-06-01","Pineapple",2765.77,2423.94,3063.16,"India","All","Monthly","-49.51"
"2017-05-01","Pineapple",2815.28,2433.61,3155.55,"India","All","Monthly","-93.81"
"2017-04-01","Pineapple",2909.09,2533.86,3251.52,"India","All","Monthly","+32.19"
"2017-03-01","Pineapple",2876.9,2508.54,3207.84,"India","All","Monthly","+42.37"
"2017-02-01","Pineapple",2834.53,2511.22,3127.7,"India","All","Monthly","+79.92"
"2017-01-01","Pineapple",2754.61,2423.59,3036.46,"India","All","Monthly","N/A"