month,commodity_name,avg_modal_price,avg_min_price,avg_max_price,state_name,district_name,calculationType,change,year,month_num,season,Predicted_Price
2025-03-01,Turmeric,11396.67,9951.2,12317.78,India,All,Monthly,-710.09,2025,3,Summer,3.4546108
2025-02-01,Turmeric,12106.76,10776.11,12895.61,India,All,Monthly,-1159.68,2025,2,Winter,3.4403415
2025-01-01,Turmeric,13266.44,11963.55,14193.96,India,All,Monthly,-130.13,2025,1,Winter,3.5991616
2024-12-01,Turmeric,13396.57,12312.03,14121.42,India,All,Monthly,-36.12,2024,12,Winter,3.1268048
2024-11-01,Turmeric,13432.69,12243.78,14209.43,India,All,Monthly,273.76,2024,11,Post-Monsoon,3.2110782
2024-10-01,Turmeric,13158.93,11868.16,13938.44,India,All,Monthly,7.32,2024,10,Post-Monsoon,3.2228436
2024-09-01,Turmeric,13151.61,11731.27,13938.91,India,All,Monthly,236.14,2024,9,Post-Monsoon,3.2960591
2024-08-01,Turmeric,12915.47,11179.43,13794.0,India,All,Monthly,-578.48,2024,8,Monsoon,3.2409198
2024-07-01,Turmeric,13493.95,11423.52,14492.94,India,All,Monthly,-537.38,2024,7,Monsoon,3.290728
2024-06-01,Turmeric,14031.33,12174.02,15377.69,India,All,Monthly,205.41,2024,6,Monsoon,3.4280198
2024-05-01,Turmeric,13825.92,12376.22,15756.37,India,All,Monthly,683.41,2024,5,Summer,3.533874
2024-04-01,Turmeric,13142.51,11226.4,15059.26,India,All,Monthly,-497.85,2024,4,Summer,3.4360473
2024-03-01,Turmeric,13640.36,10547.28,15766.43,India,All,Monthly,2304.09,2024,3,Summer,3.8097227
2024-02-01,Turmeric,11336.27,9715.83,12806.88,India,All,Monthly,139.61,2024,2,Winter,3.5927377
2024-01-01,Turmeric,11196.66,9729.17,12550.78,India,All,Monthly,644.35,2024,1,Winter,3.6838694
2023-12-01,Turmeric,10552.31,8881.63,12049.36,India,All,Monthly,302.23,2023,12,Winter,3.1686559
2023-11-01,Turmeric,10250.08,8658.64,11537.59,India,All,Monthly,-74.35,2023,11,Post-Monsoon,3.167798
2023-10-01,Turmeric,10324.43,8357.64,11749.01,India,All,Monthly,-504.02,2023,10,Post-Monsoon,3.1601532
2023-09-01,Turmeric,10828.45,8847.16,12037.34,India,All,Monthly,-379.58,2023,9,Post-Monsoon,3.2201586
2023-08-01,Turmeric,11208.03,8978.04,12911.74,India,All,Monthly,2783.52,2023,8,Monsoon,3.6578891
2023-07-01,Turmeric,8424.51,7372.91,9897.02,India,All,Monthly,2201.36,2023,7,Monsoon,3.6296635
2023-06-01,Turmeric,6223.15,5246.99,6985.93,India,All,Monthly,270.59,2023,6,Monsoon,3.436113
2023-05-01,Turmeric,5952.56,5018.51,6683.0,India,All,Monthly,36.16,2023,5,Summer,3.4543984
2023-04-01,Turmeric,5916.4,5020.17,6653.84,India,All,Monthly,-515.8,2023,4,Summer,3.4336927
2023-03-01,Turmeric,6432.2,5367.46,7208.51,India,All,Monthly,-269.14,2023,3,Summer,3.5058446
2023-02-01,Turmeric,6701.34,5845.36,7396.68,India,All,Monthly,-109.77,2023,2,Winter,3.5631342
2023-01-01,Turmeric,6811.11,5890.27,7489.85,India,All,Monthly,19.14,2023,1,Winter,3.6147497
2022-12-01,Turmeric,6791.97,5903.65,7421.14,India,All,Monthly,132.81,2022,12,Winter,3.1473987
2022-11-01,Turmeric,6659.16,5798.49,7337.68,India,All,Monthly,78.95,2022,11,Post-Monsoon,3.1865432
2022-10-01,Turmeric,6580.21,5835.73,7232.81,India,All,Monthly,137.18,2022,10,Post-Monsoon,3.2386832
2022-09-01,Turmeric,6443.03,5636.46,7064.26,India,All,Monthly,-182.6,2022,9,Post-Monsoon,3.2440677
2022-08-01,Turmeric,6625.63,5633.06,7338.35,India,All,Monthly,1.55,2022,8,Monsoon,3.3114605
2022-07-01,Turmeric,6624.08,5731.29,7234.79,India,All,Monthly,215.38,2022,7,Monsoon,3.3833637
2022-06-01,Turmeric,6408.7,5495.7,7022.23,India,All,Monthly,-167.54,2022,6,Monsoon,3.3810725
2022-05-01,Turmeric,6576.24,5614.57,7247.68,India,All,Monthly,-337.42,2022,5,Summer,3.408002
2022-04-01,Turmeric,6913.66,5715.77,7729.99,India,All,Monthly,-177.43,2022,4,Summer,3.474661
2022-03-01,Turmeric,7091.09,5905.61,7950.78,India,All,Monthly,-103.42,2022,3,Summer,3.5250058
2022-02-01,Turmeric,7194.51,6124.23,8042.87,India,All,Monthly,-464.56,2022,2,Winter,3.5215726
2022-01-01,Turmeric,7659.07,6569.68,8473.79,India,All,Monthly,-138.9,2022,1,Winter,3.597812
2021-12-01,Turmeric,7797.97,6760.39,8761.92,India,All,Monthly,685.71,2021,12,Winter,3.216186
2021-11-01,Turmeric,7112.26,6244.51,7848.0,India,All,Monthly,-41.07,2021,11,Post-Monsoon,3.171644
2021-10-01,Turmeric,7153.33,6439.16,7824.73,India,All,Monthly,-24.55,2021,10,Post-Monsoon,3.2185469
2021-09-01,Turmeric,7177.88,6468.6,7804.78,India,All,Monthly,-52.2,2021,9,Post-Monsoon,3.2599487
2021-08-01,Turmeric,7230.08,6473.81,7832.33,India,All,Monthly,-233.78,2021,8,Monsoon,3.282483
2021-07-01,Turmeric,7463.86,6530.61,8153.82,India,All,Monthly,140.38,2021,7,Monsoon,3.373777
2021-06-01,Turmeric,7323.48,6458.95,7959.94,India,All,Monthly,-215.38,2021,6,Monsoon,3.375016
2021-05-01,Turmeric,7538.86,6633.45,8299.29,India,All,Monthly,-233.57,2021,5,Summer,3.4206662
2021-04-01,Turmeric,7772.43,6640.02,8569.04,India,All,Monthly,-268.46,2021,4,Summer,3.463912
2021-03-01,Turmeric,8040.89,6835.46,9028.6,India,All,Monthly,840.8,2021,3,Summer,3.6374764
2021-02-01,Turmeric,7200.09,6213.68,8093.34,India,All,Monthly,909.59,2021,2,Winter,3.683123
2021-01-01,Turmeric,6290.5,5652.35,6978.59,India,All,Monthly,156.1,2021,1,Winter,3.6293592
2020-12-01,Turmeric,6134.4,5338.39,6739.15,India,All,Monthly,248.67,2020,12,Winter,3.1615674
2020-11-01,Turmeric,5885.73,5306.36,6443.37,India,All,Monthly,5.49,2020,11,Post-Monsoon,3.1772494
2020-10-01,Turmeric,5880.24,5314.6,6467.54,India,All,Monthly,-51.46,2020,10,Post-Monsoon,3.2151103
2020-09-01,Turmeric,5931.7,5349.68,6453.51,India,All,Monthly,-26.2,2020,9,Post-Monsoon,3.263021
2020-08-01,Turmeric,5957.9,5396.62,6443.01,India,All,Monthly,-59.6,2020,8,Monsoon,3.3036904
2020-07-01,Turmeric,6017.5,5417.52,6523.36,India,All,Monthly,66.35,2020,7,Monsoon,3.3643131
2020-06-01,Turmeric,5951.15,5361.06,6536.81,India,All,Monthly,-56.07,2020,6,Monsoon,3.39464
2020-05-01,Turmeric,6007.22,5424.12,6663.62,India,All,Monthly,-531.21,2020,5,Summer,3.3838527
2020-04-01,Turmeric,6538.43,5992.36,7056.98,India,All,Monthly,94.84,2020,4,Summer,3.5064144
2020-03-01,Turmeric,6443.59,5813.75,7028.95,India,All,Monthly,-0.59,2020,3,Summer,3.5367877
2020-02-01,Turmeric,6444.18,5847.16,7042.12,India,All,Monthly,-47.0,2020,2,Winter,3.5700426
2020-01-01,Turmeric,6491.18,5960.63,7062.93,India,All,Monthly,313.05,2020,1,Winter,3.6463704
2019-12-01,Turmeric,6178.13,5553.66,6693.0,India,All,Monthly,-333.33,2019,12,Winter,3.0896595
2019-11-01,Turmeric,6511.46,5886.94,6996.87,India,All,Monthly,131.55,2019,11,Post-Monsoon,3.1927261
2019-10-01,Turmeric,6379.91,5737.57,6848.52,India,All,Monthly,-140.96,2019,10,Post-Monsoon,3.2039711
2019-09-01,Turmeric,6520.87,5814.66,7041.07,India,All,Monthly,21.25,2019,9,Post-Monsoon,3.268732
2019-08-01,Turmeric,6499.62,5738.7,7055.09,India,All,Monthly,103.2,2019,8,Monsoon,3.3236623
2019-07-01,Turmeric,6396.42,5525.28,6959.41,India,All,Monthly,-28.03,2019,7,Monsoon,3.352404
2019-06-01,Turmeric,6424.45,5603.24,7001.14,India,All,Monthly,-137.37,2019,6,Monsoon,3.384408
2019-05-01,Turmeric,6561.82,5682.58,7111.64,India,All,Monthly,-97.13,2019,5,Summer,3.437266
2019-04-01,Turmeric,6658.95,5799.4,7241.21,India,All,Monthly,-86.41,2019,4,Summer,3.4848468
2019-03-01,Turmeric,6745.36,5939.78,7349.74,India,All,Monthly,-105.28,2019,3,Summer,3.5243635
2019-02-01,Turmeric,6850.64,6042.06,7527.58,India,All,Monthly,-166.79,2019,2,Winter,3.555941
2019-01-01,Turmeric,7017.43,6263.42,7571.23,India,All,Monthly,-45.76,2019,1,Winter,3.6072555
2018-12-01,Turmeric,7063.19,6292.21,7666.72,India,All,Monthly,-34.6,2018,12,Winter,3.1261687
2018-11-01,Turmeric,7097.79,6254.38,7667.07,India,All,Monthly,255.79,2018,11,Post-Monsoon,3.2080889
2018-10-01,Turmeric,6842.0,5894.21,7409.59,India,All,Monthly,-134.59,2018,10,Post-Monsoon,3.2046304
2018-09-01,Turmeric,6976.59,6057.43,7515.41,India,All,Monthly,-111.6,2018,9,Post-Monsoon,3.252269
2018-08-01,Turmeric,7088.19,6110.52,7593.08,India,All,Monthly,-191.8,2018,8,Monsoon,3.2872353
2018-07-01,Turmeric,7279.99,6342.23,7776.48,India,All,Monthly,-250.94,2018,7,Monsoon,3.3248034
2018-06-01,Turmeric,7530.93,6675.67,8096.98,India,All,Monthly,-265.36,2018,6,Monsoon,3.3684504
2018-05-01,Turmeric,7796.29,6882.19,8439.6,India,All,Monthly,564.61,2018,5,Summer,3.5188026
2018-04-01,Turmeric,7231.68,6383.57,7840.32,India,All,Monthly,-89.61,2018,4,Summer,3.484324
2018-03-01,Turmeric,7321.29,6439.76,7968.84,India,All,Monthly,-341.93,2018,3,Summer,3.4966593
2018-02-01,Turmeric,7663.22,6650.39,8320.9,India,All,Monthly,86.66,2018,2,Winter,3.5855942
2018-01-01,Turmeric,7576.56,6555.85,8328.25,India,All,Monthly,-26.99,2018,1,Winter,3.6091063
2017-12-01,Turmeric,7603.55,6612.53,8236.64,India,All,Monthly,63.65,2017,12,Winter,3.138123
2017-11-01,Turmeric,7539.9,6447.07,8178.95,India,All,Monthly,58.0,2017,11,Post-Monsoon,3.1833372
2017-10-01,Turmeric,7481.9,6492.15,8154.42,India,All,Monthly,-52.29,2017,10,Post-Monsoon,3.2146337
2017-09-01,Turmeric,7534.19,6435.53,8296.99,India,All,Monthly,36.19,2017,9,Post-Monsoon,3.2703195
2017-08-01,Turmeric,7498.0,6406.56,8108.9,India,All,Monthly,530.58,2017,8,Monsoon,3.3773189
2017-07-01,Turmeric,6967.42,6003.98,7576.79,India,All,Monthly,749.46,2017,7,Monsoon,3.4502313
2017-06-01,Turmeric,6217.96,5471.35,6793.6,India,All,Monthly,8.82,2017,6,Monsoon,3.4023256
2017-05-01,Turmeric,6209.14,5418.39,6734.48,India,All,Monthly,-436.01,2017,5,Summer,3.3951845
2017-04-01,Turmeric,6645.15,5801.36,7237.62,India,All,Monthly,-605.69,2017,4,Summer,3.4217682
2017-03-01,Turmeric,7250.84,6361.5,7908.23,India,All,Monthly,-418.76,2017,3,Summer,3.4875474
2017-02-01,Turmeric,7669.6,6764.11,8255.53,India,All,Monthly,113.47,2017,2,Winter,3.5886495
2017-01-01,Turmeric,7556.13,6778.21,8012.56,India,All,Monthly,0.0,2017,1,Winter,3.6118486
2025-03-01,Black pepper,63816.8,60924.17,66371.76,India,All,Monthly,3314.09,2025,3,Summer,3.9226274
2025-02-01,Black pepper,60502.71,57061.01,63247.47,India,All,Monthly,451.8,2025,2,Winter,3.6301758
2025-01-01,Black pepper,60050.91,56877.5,62736.85,India,All,Monthly,-826.06,2025,1,Winter,3.517385
2024-12-01,Black pepper,60876.97,57535.32,63147.55,India,All,Monthly,169.22,2024,12,Winter,3.152212
2024-11-01,Black pepper,60707.75,57400.05,63200.25,India,All,Monthly,1433.49,2024,11,Post-Monsoon,3.3567572
2024-10-01,Black pepper,59274.26,56260.75,61968.17,India,All,Monthly,-1549.95,2024,10,Post-Monsoon,3.0329332
2024-09-01,Black pepper,60824.21,57674.79,64131.92,India,All,Monthly,1478.75,2024,9,Post-Monsoon,3.4529252
2024-08-01,Black pepper,59345.46,56330.74,61810.15,India,All,Monthly,-515.47,2024,8,Monsoon,3.2485785
2024-07-01,Black pepper,59860.93,56388.14,62507.27,India,All,Monthly,1170.03,2024,7,Monsoon,3.5043106
2024-06-01,Black pepper,58690.9,54942.09,61026.39,India,All,Monthly,5091.76,2024,6,Monsoon,4.018515
2024-05-01,Black pepper,53599.14,50268.03,55594.63,India,All,Monthly,3238.64,2024,5,Summer,3.8440394
2024-04-01,Black pepper,50360.5,47661.53,52177.52,India,All,Monthly,1200.43,2024,4,Summer,3.639289
2024-03-01,Black pepper,49160.07,46877.19,51120.15,India,All,Monthly,-4530.42,2024,3,Summer,2.9796062
2024-02-01,Black pepper,53690.49,51451.29,55357.55,India,All,Monthly,-3203.76,2024,2,Winter,3.1861176
2024-01-01,Black pepper,56894.25,55103.8,58581.57,India,All,Monthly,-278.81,2024,1,Winter,3.5823736
2023-12-01,Black pepper,57173.06,55207.09,59040.83,India,All,Monthly,1513.62,2023,12,Winter,3.320508
2023-11-01,Black pepper,55659.44,53963.64,57119.58,India,All,Monthly,-1544.5,2023,11,Post-Monsoon,2.9886153
2023-10-01,Black pepper,57203.94,55407.88,58713.29,India,All,Monthly,-533.12,2023,10,Post-Monsoon,3.1566136
2023-09-01,Black pepper,57737.06,55798.8,59325.07,India,All,Monthly,1902.22,2023,9,Post-Monsoon,3.5063539
2023-08-01,Black pepper,55834.84,53214.11,57604.1,India,All,Monthly,-832.91,2023,8,Monsoon,3.2098684
2023-07-01,Black pepper,56667.75,55026.94,58016.1,India,All,Monthly,10420.75,2023,7,Monsoon,4.580705
2023-06-01,Black pepper,46247.0,44395.3,47737.49,India,All,Monthly,793.45,2023,6,Monsoon,3.5022316
2023-05-01,Black pepper,45453.55,43469.28,47119.3,India,All,Monthly,-230.91,2023,5,Summer,3.421261
2023-04-01,Black pepper,45684.46,43805.05,47304.51,India,All,Monthly,-165.05,2023,4,Summer,3.476251
2023-03-01,Black pepper,45849.51,43855.96,47454.89,India,All,Monthly,-401.5,2023,3,Summer,3.490416
2023-02-01,Black pepper,46251.01,44315.45,47691.33,India,All,Monthly,-232.11,2023,2,Winter,3.5488868
2023-01-01,Black pepper,46483.12,44566.38,47783.4,India,All,Monthly,-638.02,2023,1,Winter,3.539809
2022-12-01,Black pepper,47121.14,45420.97,48414.45,India,All,Monthly,696.16,2022,12,Winter,3.217626
2022-11-01,Black pepper,46424.98,44815.39,47596.41,India,All,Monthly,-390.78,2022,11,Post-Monsoon,3.128911
2022-10-01,Black pepper,46815.76,45301.39,47903.64,India,All,Monthly,-423.86,2022,10,Post-Monsoon,3.1697788
2022-09-01,Black pepper,47239.62,45757.0,48475.0,India,All,Monthly,195.51,2022,9,Post-Monsoon,3.2907481
2022-08-01,Black pepper,47044.11,45378.14,48460.88,India,All,Monthly,604.58,2022,8,Monsoon,3.3873048
2022-07-01,Black pepper,46439.53,44981.88,47546.69,India,All,Monthly,58.06,2022,7,Monsoon,3.363517
2022-06-01,Black pepper,46381.47,44452.37,47760.01,India,All,Monthly,-1377.28,2022,6,Monsoon,3.233284
2022-05-01,Black pepper,47758.75,45469.45,49428.63,India,All,Monthly,-660.32,2022,5,Summer,3.368191
2022-04-01,Black pepper,48419.07,46299.71,49989.34,India,All,Monthly,994.6,2022,4,Summer,3.6141677
2022-03-01,Black pepper,47424.47,44434.52,49320.56,India,All,Monthly,843.42,2022,3,Summer,3.6379342
2022-02-01,Black pepper,46581.05,44269.23,48190.73,India,All,Monthly,-202.87,2022,2,Winter,3.552154
2022-01-01,Black pepper,46783.92,44398.58,47944.61,India,All,Monthly,-2062.89,2022,1,Winter,3.369401
2021-12-01,Black pepper,48846.81,46617.85,50123.91,India,All,Monthly,2642.13,2021,12,Winter,3.4630451
2021-11-01,Black pepper,46204.68,44518.44,47554.89,India,All,Monthly,6490.58,2021,11,Post-Monsoon,3.9831548
2021-10-01,Black pepper,39714.1,38536.25,40417.76,India,All,Monthly,1867.49,2021,10,Post-Monsoon,3.4564986
2021-09-01,Black pepper,37846.61,36681.33,38537.73,India,All,Monthly,472.49,2021,9,Post-Monsoon,3.3252752
2021-08-01,Black pepper,37374.12,36357.67,38193.36,India,All,Monthly,-148.05,2021,8,Monsoon,3.2929533
2021-07-01,Black pepper,37522.17,36431.15,38330.26,India,All,Monthly,354.75,2021,7,Monsoon,3.4008212
2021-06-01,Black pepper,37167.42,36093.12,37792.25,India,All,Monthly,2293.43,2021,6,Monsoon,3.6831055
2021-05-01,Black pepper,34873.99,34101.91,35337.13,India,All,Monthly,-876.32,2021,5,Summer,3.3416977
2021-04-01,Black pepper,35750.31,34368.5,36760.24,India,All,Monthly,2984.36,2021,4,Summer,3.852613
2021-03-01,Black pepper,32765.95,31315.33,33903.93,India,All,Monthly,1738.79,2021,3,Summer,3.7461839
2021-02-01,Black pepper,31027.16,29894.43,32027.33,India,All,Monthly,-251.31,2021,2,Winter,3.5463734
2021-01-01,Black pepper,31278.47,30264.73,32171.32,India,All,Monthly,-36.08,2021,1,Winter,3.6085582
2020-12-01,Black pepper,31314.55,30250.41,32305.48,India,All,Monthly,123.55,2020,12,Winter,3.1459703
2020-11-01,Black pepper,31191.0,30198.73,31988.05,India,All,Monthly,185.04,2020,11,Post-Monsoon,3.1995187
2020-10-01,Black pepper,31005.96,30071.17,31951.93,India,All,Monthly,1051.97,2020,10,Post-Monsoon,3.3532126
2020-09-01,Black pepper,29953.99,28896.68,30915.56,India,All,Monthly,180.53,2020,9,Post-Monsoon,3.2886324
2020-08-01,Black pepper,29773.46,28710.81,30714.05,India,All,Monthly,728.05,2020,8,Monsoon,3.4026759
2020-07-01,Black pepper,29045.41,28274.72,29733.63,India,All,Monthly,162.27,2020,7,Monsoon,3.376414
2020-06-01,Black pepper,28883.14,27694.76,29907.16,India,All,Monthly,311.82,2020,6,Monsoon,3.440917
2020-05-01,Black pepper,28571.32,26990.85,29789.28,India,All,Monthly,770.67,2020,5,Summer,3.5436954
2020-04-01,Black pepper,27800.65,26760.06,28727.2,India,All,Monthly,-420.79,2020,4,Summer,3.4450204
2020-03-01,Black pepper,28221.44,27076.63,29329.19,India,All,Monthly,-555.97,2020,3,Summer,3.4719262
2020-02-01,Black pepper,28777.41,27724.95,29818.75,India,All,Monthly,-909.8,2020,2,Winter,3.4690576
2020-01-01,Black pepper,29687.21,28507.58,30945.12,India,All,Monthly,-380.53,2020,1,Winter,3.5698528
2019-12-01,Black pepper,30067.74,28780.54,31483.83,India,All,Monthly,774.37,2019,12,Winter,3.226979
2019-11-01,Black pepper,29293.37,28262.73,30400.71,India,All,Monthly,192.15,2019,11,Post-Monsoon,3.2002804
2019-10-01,Black pepper,29101.22,28219.04,30017.47,India,All,Monthly,-884.56,2019,10,Post-Monsoon,3.1133652
2019-09-01,Black pepper,29985.78,28813.7,31002.53,India,All,Monthly,-892.49,2019,9,Post-Monsoon,3.1573057
2019-08-01,Black pepper,30878.27,29864.74,31817.23,India,All,Monthly,73.74,2019,8,Monsoon,3.3199925
2019-07-01,Black pepper,30804.53,29692.45,31682.49,India,All,Monthly,-772.07,2019,7,Monsoon,3.2615771
2019-06-01,Black pepper,31576.6,30478.32,32476.82,India,All,Monthly,256.46,2019,6,Monsoon,3.4337962
2019-05-01,Black pepper,31320.14,30016.54,32542.92,India,All,Monthly,1116.93,2019,5,Summer,3.5848591
2019-04-01,Black pepper,30203.21,28871.4,31360.81,India,All,Monthly,8.58,2019,4,Summer,3.4960165
2019-03-01,Black pepper,30194.63,28871.07,31411.12,India,All,Monthly,-1082.77,2019,3,Summer,3.4087455
2019-02-01,Black pepper,31277.4,30035.21,32183.12,India,All,Monthly,-670.71,2019,2,Winter,3.4970496
2019-01-01,Black pepper,31948.11,30600.19,32829.6,India,All,Monthly,-1820.23,2019,1,Winter,3.3979378
2018-12-01,Black pepper,33768.34,32593.56,34486.08,India,All,Monthly,-164.06,2018,12,Winter,3.1102362
2018-11-01,Black pepper,33932.4,32745.66,35015.69,India,All,Monthly,-166.56,2018,11,Post-Monsoon,3.1558256
2018-10-01,Black pepper,34098.96,32907.66,35047.28,India,All,Monthly,-177.42,2018,10,Post-Monsoon,3.1993718
2018-09-01,Black pepper,34276.38,32837.09,35439.95,India,All,Monthly,1261.54,2018,9,Post-Monsoon,3.4246974
2018-08-01,Black pepper,33014.84,31372.26,34177.26,India,All,Monthly,2304.01,2018,8,Monsoon,3.5994656
2018-07-01,Black pepper,30710.83,29591.97,31761.57,India,All,Monthly,-3165.17,2018,7,Monsoon,2.9685936
2018-06-01,Black pepper,33876.0,32621.56,34934.36,India,All,Monthly,-1308.9,2018,6,Monsoon,3.241095
2018-05-01,Black pepper,35184.9,33960.26,36268.11,India,All,Monthly,181.64,2018,5,Summer,3.4720936
2018-04-01,Black pepper,35003.26,33781.97,35998.23,India,All,Monthly,-937.53,2018,4,Summer,3.3808548
2018-03-01,Black pepper,35940.79,34728.21,38256.32,India,All,Monthly,-3511.85,2018,3,Summer,3.1055808
2018-02-01,Black pepper,39452.64,38275.85,40366.2,India,All,Monthly,-2149.24,2018,2,Winter,3.3164418
2018-01-01,Black pepper,41601.88,40118.46,42464.33,India,All,Monthly,-4.8,2018,1,Winter,3.6114736
2017-12-01,Black pepper,41606.68,40285.75,42503.57,India,All,Monthly,929.32,2017,12,Winter,3.2460759
2017-11-01,Black pepper,40677.36,39454.67,41522.76,India,All,Monthly,-967.83,2017,11,Post-Monsoon,3.0580812
2017-10-01,Black pepper,41645.19,40448.41,42532.08,India,All,Monthly,-1768.34,2017,10,Post-Monsoon,3.005411
2017-09-01,Black pepper,43413.53,42015.16,44407.11,India,All,Monthly,-3360.18,2017,9,Post-Monsoon,2.855653
2017-08-01,Black pepper,46773.71,45039.18,47863.29,India,All,Monthly,-1594.52,2017,8,Monsoon,3.1163146
2017-07-01,Black pepper,48368.23,46778.74,49587.0,India,All,Monthly,-1390.69,2017,7,Monsoon,3.1859334
2017-06-01,Black pepper,49758.92,48206.93,50904.5,India,All,Monthly,219.54,2017,6,Monsoon,3.4288692
2017-05-01,Black pepper,49539.38,47753.26,50891.4,India,All,Monthly,-5172.06,2017,5,Summer,2.807621
2017-04-01,Black pepper,54711.44,52641.79,56582.36,India,All,Monthly,-1789.12,2017,4,Summer,3.2761753
2017-03-01,Black pepper,56500.56,54511.88,58165.02,India,All,Monthly,-1032.38,2017,3,Summer,3.4147954
2017-02-01,Black pepper,57532.94,55903.52,58913.45,India,All,Monthly,-4080.97,2017,2,Winter,3.0773363
2017-01-01,Black pepper,61613.91,59776.72,63203.36,India,All,Monthly,0.0,2017,1,Winter,3.6118486
2025-03-01,Cauliflower,1652.25,1435.5,1760.8,India,All,Monthly,48.17,2025,3,Summer,3.5432754
2025-02-01,Cauliflower,1604.08,1397.32,1704.56,India,All,Monthly,-185.19,2025,2,Winter,3.554628
2025-01-01,Cauliflower,1789.27,1570.46,1902.6,India,All,Monthly,-1035.36,2025,1,Winter,3.4921432
2024-12-01,Cauliflower,2824.63,2523.94,3000.65,India,All,Monthly,-472.31,2024,12,Winter,3.0733714
2024-11-01,Cauliflower,3296.94,2939.64,3520.46,India,All,Monthly,-469.57,2024,11,Post-Monsoon,3.1195633
2024-10-01,Cauliflower,3766.51,3313.28,4047.34,India,All,Monthly,46.54,2024,10,Post-Monsoon,3.2276702
2024-09-01,Cauliflower,3719.97,3247.51,4002.0,India,All,Monthly,19.6,2024,9,Post-Monsoon,3.2691529
2024-08-01,Cauliflower,3700.37,3236.99,3938.49,India,All,Monthly,-118.77,2024,8,Monsoon,3.2969131
2024-07-01,Cauliflower,3819.14,3369.36,4094.2,India,All,Monthly,966.97,2024,7,Monsoon,3.478623
2024-06-01,Cauliflower,2852.17,2517.55,3137.09,India,All,Monthly,339.39,2024,6,Monsoon,3.4449306
2024-05-01,Cauliflower,2512.78,2203.1,2784.5,India,All,Monthly,659.21,2024,5,Summer,3.5309854
2024-04-01,Cauliflower,1853.57,1659.19,2027.96,India,All,Monthly,-131.54,2024,4,Summer,3.4803107
2024-03-01,Cauliflower,1985.11,1778.78,2167.92,India,All,Monthly,248.0,2024,3,Summer,3.5669627
2024-02-01,Cauliflower,1737.11,1550.3,1903.91,India,All,Monthly,-32.55,2024,2,Winter,3.5722857
2024-01-01,Cauliflower,1769.66,1582.35,1945.02,India,All,Monthly,77.2,2024,1,Winter,3.621191
2023-12-01,Cauliflower,1692.46,1506.7,1858.7,India,All,Monthly,-204.2,2023,12,Winter,3.10599
2023-11-01,Cauliflower,1896.66,1694.73,2074.73,India,All,Monthly,-780.83,2023,11,Post-Monsoon,3.0815766
2023-10-01,Cauliflower,2677.49,2367.1,2951.78,India,All,Monthly,-166.72,2023,10,Post-Monsoon,3.201304
2023-09-01,Cauliflower,2844.21,2507.8,3149.62,India,All,Monthly,-870.08,2023,9,Post-Monsoon,3.160531
2023-08-01,Cauliflower,3714.29,3287.53,4146.6,India,All,Monthly,194.17,2023,8,Monsoon,3.3356133
2023-07-01,Cauliflower,3520.12,3086.47,3919.14,India,All,Monthly,1032.81,2023,7,Monsoon,3.4868276
2023-06-01,Cauliflower,2487.31,2186.58,2750.0,India,All,Monthly,463.39,2023,6,Monsoon,3.460476
2023-05-01,Cauliflower,2023.92,1778.75,2232.36,India,All,Monthly,450.36,2023,5,Summer,3.5059078
2023-04-01,Cauliflower,1573.56,1388.73,1740.93,India,All,Monthly,102.24,2023,4,Summer,3.5077405
2023-03-01,Cauliflower,1471.32,1300.42,1622.79,India,All,Monthly,218.11,2023,3,Summer,3.563249
2023-02-01,Cauliflower,1253.21,1112.51,1384.51,India,All,Monthly,-206.1,2023,2,Winter,3.5519161
2023-01-01,Cauliflower,1459.31,1305.57,1596.52,India,All,Monthly,-78.82,2023,1,Winter,3.6043146
2022-12-01,Cauliflower,1538.13,1380.51,1679.47,India,All,Monthly,-503.53,2022,12,Winter,3.0692992
2022-11-01,Cauliflower,2041.66,1842.71,2218.73,India,All,Monthly,-1044.13,2022,11,Post-Monsoon,3.0494242
2022-10-01,Cauliflower,3085.79,2763.3,3369.62,India,All,Monthly,-302.58,2022,10,Post-Monsoon,3.1845741
2022-09-01,Cauliflower,3388.37,3039.23,3713.87,India,All,Monthly,185.61,2022,9,Post-Monsoon,3.289515
2022-08-01,Cauliflower,3202.76,2834.89,3545.7,India,All,Monthly,413.57,2022,8,Monsoon,3.3631668
2022-07-01,Cauliflower,2789.19,2448.58,3101.69,India,All,Monthly,85.84,2022,7,Monsoon,3.3670216
2022-06-01,Cauliflower,2703.35,2368.56,2998.55,India,All,Monthly,15.86,2022,6,Monsoon,3.4038699
2022-05-01,Cauliflower,2687.49,2355.59,2966.71,India,All,Monthly,779.52,2022,5,Summer,3.5450492
2022-04-01,Cauliflower,1907.97,1682.87,2110.65,India,All,Monthly,419.02,2022,4,Summer,3.5453942
2022-03-01,Cauliflower,1488.95,1323.71,1636.57,India,All,Monthly,-398.47,2022,3,Summer,3.4906287
2022-02-01,Cauliflower,1887.42,1685.73,2057.97,India,All,Monthly,-91.52,2022,2,Winter,3.5651212
2022-01-01,Cauliflower,1978.94,1775.8,2161.54,India,All,Monthly,-19.81,2022,1,Winter,3.6104262
2021-12-01,Cauliflower,1998.75,1799.76,2183.29,India,All,Monthly,-494.69,2021,12,Winter,3.0702374
2021-11-01,Cauliflower,2493.44,2257.82,2705.6,India,All,Monthly,-57.93,2021,11,Post-Monsoon,3.169569
2021-10-01,Cauliflower,2551.37,2257.77,2821.63,India,All,Monthly,154.42,2021,10,Post-Monsoon,3.2407076
2021-09-01,Cauliflower,2396.95,2105.99,2666.28,India,All,Monthly,-72.52,2021,9,Post-Monsoon,3.2574496
2021-08-01,Cauliflower,2469.47,2190.71,2729.37,India,All,Monthly,43.39,2021,8,Monsoon,3.316481
2021-07-01,Cauliflower,2426.08,2159.98,2670.82,India,All,Monthly,406.27,2021,7,Monsoon,3.4073205
2021-06-01,Cauliflower,2019.81,1777.07,2242.96,India,All,Monthly,503.56,2021,6,Monsoon,3.465291
2021-05-01,Cauliflower,1516.25,1336.9,1684.23,India,All,Monthly,223.08,2021,5,Summer,3.477724
2021-04-01,Cauliflower,1293.17,1130.89,1443.18,India,All,Monthly,322.61,2021,4,Summer,3.5337245
2021-03-01,Cauliflower,970.56,844.8,1090.48,India,All,Monthly,-17.71,2021,3,Summer,3.534913
2021-02-01,Cauliflower,988.27,866.77,1103.38,India,All,Monthly,-8.5,2021,2,Winter,3.5747032
2021-01-01,Cauliflower,996.77,881.46,1115.24,India,All,Monthly,-265.3,2021,1,Winter,3.5835416
2020-12-01,Cauliflower,1262.07,1122.06,1403.04,India,All,Monthly,-739.92,2020,12,Winter,3.0402703
2020-11-01,Cauliflower,2001.99,1801.51,2187.35,India,All,Monthly,-1045.56,2020,11,Post-Monsoon,3.0490003
2020-10-01,Cauliflower,3047.55,2736.36,3328.68,India,All,Monthly,-70.49,2020,10,Post-Monsoon,3.2127686
2020-09-01,Cauliflower,3118.04,2743.57,3452.31,India,All,Monthly,408.45,2020,9,Post-Monsoon,3.3170714
2020-08-01,Cauliflower,2709.59,2377.73,3002.41,India,All,Monthly,533.22,2020,8,Monsoon,3.3780274
2020-07-01,Cauliflower,2176.37,1901.13,2421.93,India,All,Monthly,408.03,2020,7,Monsoon,3.4074178
2020-06-01,Cauliflower,1768.34,1541.88,1976.31,India,All,Monthly,317.75,2020,6,Monsoon,3.4416652
2020-05-01,Cauliflower,1450.59,1280.54,1607.2,India,All,Monthly,182.8,2020,5,Summer,3.4725065
2020-04-01,Cauliflower,1267.79,1138.25,1394.14,India,All,Monthly,-49.83,2020,4,Summer,3.4892852
2020-03-01,Cauliflower,1317.62,1176.55,1452.68,India,All,Monthly,67.35,2020,3,Summer,3.5448518
2020-02-01,Cauliflower,1250.27,1116.5,1374.27,India,All,Monthly,-274.14,2020,2,Winter,3.5435648
2020-01-01,Cauliflower,1524.41,1368.66,1675.42,India,All,Monthly,-266.1,2020,1,Winter,3.5833082
2019-12-01,Cauliflower,1790.51,1600.94,1971.9,India,All,Monthly,-134.04,2019,12,Winter,3.114068
2019-11-01,Cauliflower,1924.55,1723.41,2112.99,India,All,Monthly,-751.08,2019,11,Post-Monsoon,3.084696
2019-10-01,Cauliflower,2675.63,2380.5,2956.82,India,All,Monthly,106.91,2019,10,Post-Monsoon,3.2345355
2019-09-01,Cauliflower,2568.72,2257.51,2847.13,India,All,Monthly,-54.7,2019,9,Post-Monsoon,3.2593918
2019-08-01,Cauliflower,2623.42,2286.14,2926.46,India,All,Monthly,285.91,2019,8,Monsoon,3.3466873
2019-07-01,Cauliflower,2337.51,2046.15,2600.56,India,All,Monthly,257.08,2019,7,Monsoon,3.3882499
2019-06-01,Cauliflower,2080.43,1828.1,2311.72,India,All,Monthly,-18.0,2019,6,Monsoon,3.3992507
2019-05-01,Cauliflower,2098.43,1857.77,2320.19,India,All,Monthly,529.41,2019,5,Summer,3.5147495
2019-04-01,Cauliflower,1569.02,1391.08,1735.78,India,All,Monthly,237.71,2019,4,Summer,3.523285
2019-03-01,Cauliflower,1331.31,1177.02,1469.0,India,All,Monthly,414.81,2019,3,Summer,3.5861888
2019-02-01,Cauliflower,916.5,796.96,1028.77,India,All,Monthly,-129.76,2019,2,Winter,3.5602534
2019-01-01,Cauliflower,1046.26,916.98,1171.14,India,All,Monthly,-170.31,2019,1,Winter,3.5940552
2018-12-01,Cauliflower,1216.57,1070.79,1356.49,India,All,Monthly,-165.95,2018,12,Winter,3.110004
2018-11-01,Cauliflower,1382.52,1228.86,1526.87,India,All,Monthly,-686.86,2018,11,Post-Monsoon,3.092383
2018-10-01,Cauliflower,2069.38,1853.92,2280.68,India,All,Monthly,-264.66,2018,10,Post-Monsoon,3.1887093
2018-09-01,Cauliflower,2334.04,2051.45,2611.72,India,All,Monthly,-74.56,2018,9,Post-Monsoon,3.2568245
2018-08-01,Cauliflower,2408.6,2118.47,2665.32,India,All,Monthly,-163.86,2018,8,Monsoon,3.2906475
2018-07-01,Cauliflower,2572.46,2250.75,2876.66,India,All,Monthly,624.0,2018,7,Monsoon,3.434484
2018-06-01,Cauliflower,1948.46,1708.72,2179.3,India,All,Monthly,443.53,2018,6,Monsoon,3.4572968
2018-05-01,Cauliflower,1504.93,1329.17,1677.24,India,All,Monthly,412.84,2018,5,Summer,3.5006866
2018-04-01,Cauliflower,1092.09,956.83,1217.54,India,All,Monthly,185.07,2018,4,Summer,3.5168662
2018-03-01,Cauliflower,907.02,792.95,1015.39,India,All,Monthly,-133.87,2018,3,Summer,3.5208888
2018-02-01,Cauliflower,1040.89,919.5,1160.88,India,All,Monthly,-329.91,2018,2,Winter,3.5367665
2018-01-01,Cauliflower,1370.8,1215.78,1517.12,India,All,Monthly,-360.34,2018,1,Winter,3.5719573
2017-12-01,Cauliflower,1731.14,1548.03,1901.42,India,All,Monthly,-277.14,2017,12,Winter,3.0962524
2017-11-01,Cauliflower,2008.28,1801.4,2210.98,India,All,Monthly,-210.86,2017,11,Post-Monsoon,3.1502764
2017-10-01,Cauliflower,2219.14,1981.24,2466.72,India,All,Monthly,-283.29,2017,10,Post-Monsoon,3.1863077
2017-09-01,Cauliflower,2502.43,2197.84,2809.09,India,All,Monthly,-137.66,2017,9,Post-Monsoon,3.2489393
2017-08-01,Cauliflower,2640.09,2316.06,2946.49,India,All,Monthly,153.29,2017,8,Monsoon,3.329707
2017-07-01,Cauliflower,2486.8,2179.93,2785.3,India,All,Monthly,377.07,2017,7,Monsoon,3.4031377
2017-06-01,Cauliflower,2109.73,1848.33,2360.63,India,All,Monthly,28.86,2017,6,Monsoon,3.4048228
2017-05-01,Cauliflower,2080.87,1845.15,2314.05,India,All,Monthly,646.4,2017,5,Summer,3.528417
2017-04-01,Cauliflower,1434.47,1287.59,1613.62,India,All,Monthly,359.53,2017,4,Summer,3.5375438
2017-03-01,Cauliflower,1074.94,961.07,1217.23,India,All,Monthly,216.79,2017,3,Summer,3.562241
2017-02-01,Cauliflower,858.15,765.58,974.12,India,All,Monthly,2.14,2017,2,Winter,3.5754037
2017-01-01,Cauliflower,856.01,759.21,977.88,India,All,Monthly,0.0,2017,1,Winter,3.6118486
2025-03-01,Tomato,1219.23,1051.86,1326.87,India,All,Monthly,-224.8,2025,3,Summer,3.5112913
2025-02-01,Tomato,1444.03,1262.35,1556.03,India,All,Monthly,-262.26,2025,2,Winter,3.5456455
2025-01-01,Tomato,1706.29,1501.02,1839.18,India,All,Monthly,-1284.5,2025,1,Winter,3.4622474
2024-12-01,Tomato,2990.79,2684.3,3186.67,India,All,Monthly,-430.34,2024,12,Winter,3.078489
2024-11-01,Tomato,3421.13,3079.7,3645.06,India,All,Monthly,-1368.67,2024,11,Post-Monsoon,3.0101953
2024-10-01,Tomato,4789.8,4319.28,5088.68,India,All,Monthly,1683.05,2024,10,Post-Monsoon,3.4335485
2024-09-01,Tomato,3106.75,2764.42,3321.69,India,All,Monthly,110.85,2024,9,Post-Monsoon,3.2804515
2024-08-01,Tomato,2995.9,2661.07,3201.49,India,All,Monthly,-1426.59,2024,8,Monsoon,3.1376648
2024-07-01,Tomato,4422.49,3993.14,4736.14,India,All,Monthly,1899.25,2024,7,Monsoon,3.593443
2024-06-01,Tomato,2523.24,2267.04,2769.39,India,All,Monthly,621.86,2024,6,Monsoon,3.4806576
2024-05-01,Tomato,1901.38,1697.06,2093.32,India,All,Monthly,-50.7,2024,5,Summer,3.4437063
2024-04-01,Tomato,1952.08,1753.61,2131.57,India,All,Monthly,-43.46,2024,4,Summer,3.4906285
2024-03-01,Tomato,1995.54,1787.93,2182.51,India,All,Monthly,-28.94,2024,3,Summer,3.5340152
2024-02-01,Tomato,2024.48,1796.79,2234.67,India,All,Monthly,131.59,2024,2,Winter,3.5917792
2024-01-01,Tomato,1892.89,1691.0,2084.07,India,All,Monthly,-371.27,2024,1,Winter,3.5715022
2023-12-01,Tomato,2264.16,2029.67,2480.54,India,All,Monthly,-375.86,2023,12,Winter,3.08501
2023-11-01,Tomato,2640.02,2371.86,2893.41,India,All,Monthly,1047.02,2023,11,Post-Monsoon,3.307716
2023-10-01,Tomato,1593.0,1420.29,1762.75,India,All,Monthly,-397.45,2023,10,Post-Monsoon,3.1731162
2023-09-01,Tomato,1990.45,1797.97,2181.15,India,All,Monthly,-4461.36,2023,9,Post-Monsoon,2.7206392
2023-08-01,Tomato,6451.81,5843.73,7013.24,India,All,Monthly,-833.68,2023,8,Monsoon,3.209775
2023-07-01,Tomato,7285.49,6531.93,7963.82,India,All,Monthly,4941.55,2023,7,Monsoon,3.9641922
2023-06-01,Tomato,2343.94,2070.57,2601.42,India,All,Monthly,1017.01,2023,6,Monsoon,3.5298145
2023-05-01,Tomato,1326.93,1174.82,1478.08,India,All,Monthly,17.95,2023,5,Summer,3.452127
2023-04-01,Tomato,1308.98,1158.42,1455.97,India,All,Monthly,-84.51,2023,4,Summer,3.4856615
2023-03-01,Tomato,1393.49,1220.73,1559.44,India,All,Monthly,93.86,2023,3,Summer,3.548435
2023-02-01,Tomato,1299.63,1140.86,1454.93,India,All,Monthly,-73.9,2023,2,Winter,3.567312
2023-01-01,Tomato,1373.53,1224.48,1516.46,India,All,Monthly,-162.2,2023,1,Winter,3.5954742
2022-12-01,Tomato,1535.73,1380.26,1686.01,India,All,Monthly,-538.46,2022,12,Winter,3.0650506
2022-11-01,Tomato,2074.19,1883.62,2263.13,India,All,Monthly,-920.59,2022,11,Post-Monsoon,3.0644515
2022-10-01,Tomato,2994.78,2705.84,3257.73,India,All,Monthly,337.82,2022,10,Post-Monsoon,3.263688
2022-09-01,Tomato,2656.96,2397.96,2895.86,India,All,Monthly,573.18,2022,9,Post-Monsoon,3.3381114
2022-08-01,Tomato,2083.78,1874.94,2279.37,India,All,Monthly,-238.32,2022,8,Monsoon,3.2820535
2022-07-01,Tomato,2322.1,2085.92,2542.27,India,All,Monthly,-1135.77,2022,7,Monsoon,3.2176409
2022-06-01,Tomato,3457.87,3117.24,3760.04,India,All,Monthly,794.22,2022,6,Monsoon,3.5021956
2022-05-01,Tomato,2663.65,2367.67,2938.2,India,All,Monthly,1026.45,2022,5,Summer,3.57451
2022-04-01,Tomato,1637.2,1439.51,1823.19,India,All,Monthly,261.94,2022,4,Summer,3.5266225
2022-03-01,Tomato,1375.26,1197.75,1535.43,India,All,Monthly,-245.47,2022,3,Summer,3.508459
2022-02-01,Tomato,1620.73,1406.06,1812.76,India,All,Monthly,-311.86,2022,2,Winter,3.5394301
2022-01-01,Tomato,1932.59,1716.44,2129.2,India,All,Monthly,-1393.65,2022,1,Winter,3.4487739
2021-12-01,Tomato,3326.24,3006.31,3628.2,India,All,Monthly,-699.08,2021,12,Winter,3.0453753
2021-11-01,Tomato,4025.32,3653.44,4361.02,India,All,Monthly,954.43,2021,11,Post-Monsoon,3.2957447
2021-10-01,Tomato,3070.89,2758.31,3362.69,India,All,Monthly,1412.69,2021,10,Post-Monsoon,3.3989725
2021-09-01,Tomato,1658.2,1486.04,1819.63,India,All,Monthly,-166.76,2021,9,Post-Monsoon,3.2458775
2021-08-01,Tomato,1824.96,1646.61,1997.58,India,All,Monthly,129.3,2021,8,Monsoon,3.3271801
2021-07-01,Tomato,1695.66,1514.86,1866.68,India,All,Monthly,481.23,2021,7,Monsoon,3.4167964
2021-06-01,Tomato,1214.43,1077.07,1345.08,India,All,Monthly,152.21,2021,6,Monsoon,3.4209046
2021-05-01,Tomato,1062.22,939.52,1183.49,India,All,Monthly,-72.8,2021,5,Summer,3.4405522
2021-04-01,Tomato,1135.02,992.63,1274.23,India,All,Monthly,67.76,2021,4,Summer,3.503337
2021-03-01,Tomato,1067.26,934.6,1198.44,India,All,Monthly,-219.25,2021,3,Summer,3.511371
2021-02-01,Tomato,1286.51,1134.57,1440.84,India,All,Monthly,-136.81,2021,2,Winter,3.5597086
2021-01-01,Tomato,1423.32,1271.86,1581.8,India,All,Monthly,-710.73,2021,1,Winter,3.5307517
2020-12-01,Tomato,2134.05,1911.89,2342.36,India,All,Monthly,-587.23,2020,12,Winter,3.0588436
2020-11-01,Tomato,2721.28,2448.37,2961.97,India,All,Monthly,-252.8,2020,11,Post-Monsoon,3.145525
2020-10-01,Tomato,2974.08,2700.26,3230.74,India,All,Monthly,-520.43,2020,10,Post-Monsoon,3.1577826
2020-09-01,Tomato,3494.51,3162.95,3810.88,India,All,Monthly,528.17,2020,9,Post-Monsoon,3.3321748
2020-08-01,Tomato,2966.34,2679.65,3236.0,India,All,Monthly,-184.41,2020,8,Monsoon,3.2883878
2020-07-01,Tomato,3150.75,2854.48,3434.74,India,All,Monthly,1631.06,2020,7,Monsoon,3.560701
2020-06-01,Tomato,1519.69,1348.03,1680.87,India,All,Monthly,365.64,2020,6,Monsoon,3.44771
2020-05-01,Tomato,1154.05,1029.44,1274.66,India,All,Monthly,-212.5,2020,5,Summer,3.4231293
2020-04-01,Tomato,1366.55,1228.53,1504.3,India,All,Monthly,190.83,2020,4,Summer,3.5178485
2020-03-01,Tomato,1175.72,1044.13,1306.14,India,All,Monthly,-40.77,2020,3,Summer,3.5320554
2020-02-01,Tomato,1216.49,1081.62,1349.93,India,All,Monthly,-326.29,2020,2,Winter,3.5374663
2020-01-01,Tomato,1542.78,1373.64,1711.0,India,All,Monthly,-58.45,2020,1,Winter,3.606052
2019-12-01,Tomato,1601.23,1429.32,1769.91,India,All,Monthly,-807.21,2019,12,Winter,3.031948
2019-11-01,Tomato,2408.44,2174.31,2632.74,India,All,Monthly,-228.47,2019,11,Post-Monsoon,3.1483738
2019-10-01,Tomato,2636.91,2364.5,2893.47,India,All,Monthly,714.74,2019,10,Post-Monsoon,3.310424
2019-09-01,Tomato,1922.17,1721.15,2115.76,India,All,Monthly,-521.74,2019,9,Post-Monsoon,3.20238
2019-08-01,Tomato,2443.91,2182.72,2684.19,India,All,Monthly,109.97,2019,8,Monsoon,3.3245058
2019-07-01,Tomato,2333.94,2079.22,2573.93,India,All,Monthly,178.45,2019,7,Monsoon,3.3783302
2019-06-01,Tomato,2155.49,1931.37,2371.41,India,All,Monthly,100.43,2019,6,Monsoon,3.414102
2019-05-01,Tomato,2055.06,1833.1,2265.87,India,All,Monthly,519.68,2019,5,Summer,3.513588
2019-04-01,Tomato,1535.38,1355.46,1707.86,India,All,Monthly,113.11,2019,4,Summer,3.5084426
2019-03-01,Tomato,1422.27,1243.61,1586.79,India,All,Monthly,279.92,2019,3,Summer,3.570069
2019-02-01,Tomato,1142.35,989.87,1287.85,India,All,Monthly,-183.61,2019,2,Winter,3.5539823
2019-01-01,Tomato,1325.96,1159.59,1484.15,India,All,Monthly,94.79,2019,1,Winter,3.6224093
2018-12-01,Tomato,1231.17,1091.23,1366.95,India,All,Monthly,-151.1,2018,12,Winter,3.1118314
2018-11-01,Tomato,1382.27,1244.72,1515.68,India,All,Monthly,-11.8,2018,11,Post-Monsoon,3.1748714
2018-10-01,Tomato,1394.07,1251.51,1538.81,India,All,Monthly,32.26,2018,10,Post-Monsoon,3.225164
2018-09-01,Tomato,1361.81,1223.64,1507.47,India,All,Monthly,-455.63,2018,9,Post-Monsoon,3.210291
2018-08-01,Tomato,1817.44,1625.53,1996.82,India,All,Monthly,-157.79,2018,8,Monsoon,3.291389
2018-07-01,Tomato,1975.23,1751.6,2181.32,India,All,Monthly,713.8,2018,7,Monsoon,3.445845
2018-06-01,Tomato,1261.43,1105.62,1414.58,India,All,Monthly,403.35,2018,6,Monsoon,3.4522133
2018-05-01,Tomato,858.08,747.66,970.37,India,All,Monthly,-5.77,2018,5,Summer,3.4485042
2018-04-01,Tomato,863.85,748.3,973.74,India,All,Monthly,-0.08,2018,4,Summer,3.4948483
2018-03-01,Tomato,863.93,750.1,975.62,India,All,Monthly,-86.15,2018,3,Summer,3.5264587
2018-02-01,Tomato,950.08,835.63,1063.0,India,All,Monthly,-264.1,2018,2,Winter,3.5444627
2018-01-01,Tomato,1214.18,1080.43,1342.14,India,All,Monthly,-901.52,2018,1,Winter,3.5072875
2017-12-01,Tomato,2115.7,1903.74,2309.15,India,All,Monthly,-1172.12,2017,12,Winter,2.9872863
2017-11-01,Tomato,3287.82,2960.76,3593.85,India,All,Monthly,915.82,2017,11,Post-Monsoon,3.290357
2017-10-01,Tomato,2372.0,2112.97,2627.96,India,All,Monthly,96.14,2017,10,Post-Monsoon,3.232943
2017-09-01,Tomato,2275.86,2034.55,2495.17,India,All,Monthly,-1683.11,2017,9,Post-Monsoon,3.0606685
2017-08-01,Tomato,3958.97,3532.87,4349.21,India,All,Monthly,-206.25,2017,8,Monsoon,3.285346
2017-07-01,Tomato,4165.22,3713.0,4619.27,India,All,Monthly,2653.8,2017,7,Monsoon,3.6836195
2017-06-01,Tomato,1511.42,1320.39,1704.36,India,All,Monthly,468.62,2017,6,Monsoon,3.4603376
2017-05-01,Tomato,1042.8,910.24,1190.53,India,All,Monthly,-89.46,2017,5,Summer,3.4379492
2017-04-01,Tomato,1132.26,989.48,1318.41,India,All,Monthly,42.63,2017,4,Summer,3.4997501
2017-03-01,Tomato,1089.63,961.9,1286.26,India,All,Monthly,172.62,2017,3,Summer,3.5569668
2017-02-01,Tomato,917.01,819.89,1087.11,India,All,Monthly,91.78,2017,2,Winter,3.5860658
2017-01-01,Tomato,825.23,733.91,956.62,India,All,Monthly,0.0,2017,1,Winter,3.6118486
2025-03-01,Potato,1811.43,1608.13,1911.91,India,All,Monthly,-103.36,2025,3,Summer,3.5254383
2025-02-01,Potato,1914.79,1694.11,2018.61,India,All,Monthly,-441.79,2025,2,Winter,3.5246503
2025-01-01,Potato,2356.58,2096.24,2476.62,India,All,Monthly,-586.01,2025,1,Winter,3.5462956
2024-12-01,Potato,2942.59,2644.98,3086.02,India,All,Monthly,-233.48,2024,12,Winter,3.102549
2024-11-01,Potato,3176.07,2863.14,3327.84,India,All,Monthly,58.82,2024,11,Post-Monsoon,3.1843119
2024-10-01,Potato,3117.25,2825.61,3263.47,India,All,Monthly,66.36,2024,10,Post-Monsoon,3.2301097
2024-09-01,Potato,3050.89,2766.73,3187.94,India,All,Monthly,-88.81,2024,9,Post-Monsoon,3.2558208
2024-08-01,Potato,3139.7,2838.35,3273.46,India,All,Monthly,281.47,2024,8,Monsoon,3.3467512
2024-07-01,Potato,2858.23,2607.04,2999.22,India,All,Monthly,778.67,2024,7,Monsoon,3.4548006
2024-06-01,Potato,2079.56,1928.81,2221.11,India,All,Monthly,71.06,2024,6,Monsoon,3.4110622
2024-05-01,Potato,2008.5,1849.54,2153.09,India,All,Monthly,268.05,2024,5,Summer,3.4838004
2024-04-01,Potato,1740.45,1589.2,1872.62,India,All,Monthly,310.5,2024,4,Summer,3.5327222
2024-03-01,Potato,1429.95,1295.29,1554.96,India,All,Monthly,247.65,2024,3,Summer,3.5669208
2024-02-01,Potato,1182.3,1061.92,1301.2,India,All,Monthly,7.57,2024,2,Winter,3.5770106
2024-01-01,Potato,1174.73,1056.52,1289.48,India,All,Monthly,-126.45,2024,1,Winter,3.5994139
2023-12-01,Potato,1301.18,1165.47,1429.02,India,All,Monthly,-145.31,2023,12,Winter,3.11323
2023-11-01,Potato,1446.49,1291.53,1601.29,India,All,Monthly,8.65,2023,11,Post-Monsoon,3.1780128
2023-10-01,Potato,1437.84,1287.85,1589.37,India,All,Monthly,-25.47,2023,10,Post-Monsoon,3.2186835
2023-09-01,Potato,1463.31,1320.72,1612.55,India,All,Monthly,-371.36,2023,9,Post-Monsoon,3.2211583
2023-08-01,Potato,1834.67,1672.77,2022.11,India,All,Monthly,363.22,2023,8,Monsoon,3.3569398
2023-07-01,Potato,1471.45,1336.13,1610.63,India,All,Monthly,143.56,2023,7,Monsoon,3.3744283
2023-06-01,Potato,1327.89,1202.37,1457.01,India,All,Monthly,69.4,2023,6,Monsoon,3.4107192
2023-05-01,Potato,1258.49,1138.01,1378.0,India,All,Monthly,176.73,2023,5,Summer,3.4721408
2023-04-01,Potato,1081.76,971.61,1186.46,India,All,Monthly,55.63,2023,4,Summer,3.5021882
2023-03-01,Potato,1026.13,915.15,1138.51,India,All,Monthly,-36.36,2023,3,Summer,3.5329995
2023-02-01,Potato,1062.49,950.51,1172.01,India,All,Monthly,-205.03,2023,2,Winter,3.5520406
2023-01-01,Potato,1267.52,1145.48,1388.92,India,All,Monthly,-284.24,2023,1,Winter,3.5815973
2022-12-01,Potato,1551.76,1399.88,1695.41,India,All,Monthly,-250.53,2022,12,Winter,3.1001906
2022-11-01,Potato,1802.29,1637.39,1962.81,India,All,Monthly,-89.46,2022,11,Post-Monsoon,3.1658134
2022-10-01,Potato,1891.75,1742.04,2032.51,India,All,Monthly,58.35,2022,10,Post-Monsoon,3.2288742
2022-09-01,Potato,1833.4,1689.3,1971.65,India,All,Monthly,-12.97,2022,9,Post-Monsoon,3.2648978
2022-08-01,Potato,1846.37,1703.54,1985.89,India,All,Monthly,61.73,2022,8,Monsoon,3.318871
2022-07-01,Potato,1784.64,1643.14,1920.81,India,All,Monthly,146.74,2022,7,Monsoon,3.3747044
2022-06-01,Potato,1637.9,1506.47,1760.21,India,All,Monthly,189.39,2022,6,Monsoon,3.4257307
2022-05-01,Potato,1448.51,1326.54,1568.5,India,All,Monthly,171.66,2022,5,Summer,3.4713676
2022-04-01,Potato,1276.85,1158.07,1390.22,India,All,Monthly,45.49,2022,4,Summer,3.500832
2022-03-01,Potato,1231.36,1113.24,1342.33,India,All,Monthly,78.47,2022,3,Summer,3.5464602
2022-02-01,Potato,1152.89,1033.65,1263.63,India,All,Monthly,-16.97,2022,2,Winter,3.573844
2022-01-01,Potato,1169.86,1051.03,1279.7,India,All,Monthly,-133.12,2022,1,Winter,3.5984263
2021-12-01,Potato,1302.98,1179.99,1420.35,India,All,Monthly,-287.9,2021,12,Winter,3.0954862
2021-11-01,Potato,1590.88,1449.46,1727.54,India,All,Monthly,303.38,2021,11,Post-Monsoon,3.214396
2021-10-01,Potato,1287.5,1171.23,1403.08,India,All,Monthly,141.55,2021,10,Post-Monsoon,3.2391033
2021-09-01,Potato,1145.95,1041.63,1249.67,India,All,Monthly,-33.09,2021,9,Post-Monsoon,3.2622986
2021-08-01,Potato,1179.04,1074.55,1282.01,India,All,Monthly,-1.87,2021,8,Monsoon,3.310915
2021-07-01,Potato,1180.91,1078.87,1282.26,India,All,Monthly,-19.7,2021,7,Monsoon,3.353691
2021-06-01,Potato,1200.61,1098.68,1300.43,India,All,Monthly,28.48,2021,6,Monsoon,3.4053087
2021-05-01,Potato,1172.13,1073.57,1270.77,India,All,Monthly,123.97,2021,5,Summer,3.4652147
2021-04-01,Potato,1048.16,943.9,1150.23,India,All,Monthly,104.51,2021,4,Summer,3.5077147
2021-03-01,Potato,943.65,841.48,1043.95,India,All,Monthly,-21.81,2021,3,Summer,3.53443
2021-02-01,Potato,965.46,859.46,1070.82,India,All,Monthly,-286.16,2021,2,Winter,3.5422974
2021-01-01,Potato,1251.62,1136.26,1367.98,India,All,Monthly,-912.29,2021,1,Winter,3.506403
2020-12-01,Potato,2163.91,2003.16,2311.46,India,All,Monthly,-1060.95,2020,12,Winter,3.0012207
2020-11-01,Potato,3224.86,3027.9,3405.0,India,All,Monthly,397.07,2020,11,Post-Monsoon,3.2259505
2020-10-01,Potato,2827.79,2652.24,2996.42,India,All,Monthly,233.98,2020,10,Post-Monsoon,3.2505007
2020-09-01,Potato,2593.81,2429.07,2748.93,India,All,Monthly,297.56,2020,9,Post-Monsoon,3.3032112
2020-08-01,Potato,2296.25,2144.95,2438.78,India,All,Monthly,226.94,2020,8,Monsoon,3.3393726
2020-07-01,Potato,2069.31,1928.82,2199.82,India,All,Monthly,246.34,2020,7,Monsoon,3.3870196
2020-06-01,Potato,1822.97,1697.84,1939.31,India,All,Monthly,102.84,2020,6,Monsoon,3.4145398
2020-05-01,Potato,1720.13,1599.62,1829.42,India,All,Monthly,21.42,2020,5,Summer,3.452159
2020-04-01,Potato,1698.71,1583.88,1812.92,India,All,Monthly,284.59,2020,4,Summer,3.5290332
2020-03-01,Potato,1414.12,1292.11,1526.73,India,All,Monthly,109.53,2020,3,Summer,3.5498765
2020-02-01,Potato,1304.59,1192.33,1412.55,India,All,Monthly,-280.34,2020,2,Winter,3.5428398
2020-01-01,Potato,1584.93,1454.6,1709.91,India,All,Monthly,58.7,2020,1,Winter,3.6186218
2019-12-01,Potato,1526.23,1383.89,1662.66,India,All,Monthly,233.98,2019,12,Winter,3.159599
2019-11-01,Potato,1292.25,1161.59,1425.71,India,All,Monthly,130.03,2019,11,Post-Monsoon,3.1925364
2019-10-01,Potato,1162.22,1045.4,1282.91,India,All,Monthly,121.85,2019,10,Post-Monsoon,3.2363977
2019-09-01,Potato,1040.37,936.63,1144.76,India,All,Monthly,-17.63,2019,9,Post-Monsoon,3.2639503
2019-08-01,Potato,1058.0,955.88,1157.47,India,All,Monthly,-6.81,2019,8,Monsoon,3.3100576
2019-07-01,Potato,1064.81,960.38,1164.41,India,All,Monthly,44.39,2019,7,Monsoon,3.361425
2019-06-01,Potato,1020.42,922.14,1113.92,India,All,Monthly,56.49,2019,6,Monsoon,3.4085562
2019-05-01,Potato,963.93,869.39,1055.14,India,All,Monthly,113.13,2019,5,Summer,3.4635794
2019-04-01,Potato,850.8,755.95,942.22,India,All,Monthly,97.95,2019,4,Summer,3.5066366
2019-03-01,Potato,752.85,666.42,834.38,India,All,Monthly,18.97,2019,3,Summer,3.5389497
2019-02-01,Potato,733.88,648.73,817.75,India,All,Monthly,-35.55,2019,2,Winter,3.5712435
2019-01-01,Potato,769.43,681.84,855.67,India,All,Monthly,-165.91,2019,1,Winter,3.594523
2018-12-01,Potato,935.34,835.87,1035.91,India,All,Monthly,-397.66,2018,12,Winter,3.0816598
2018-11-01,Potato,1333.0,1207.54,1457.26,India,All,Monthly,-73.51,2018,11,Post-Monsoon,3.1672773
2018-10-01,Potato,1406.51,1284.25,1529.68,India,All,Monthly,-608.93,2018,10,Post-Monsoon,3.1467676
2018-09-01,Potato,2015.44,1902.56,2184.1,India,All,Monthly,657.81,2018,9,Post-Monsoon,3.3483183
2018-08-01,Potato,1357.63,1239.31,1471.67,India,All,Monthly,-37.76,2018,8,Monsoon,3.3061266
2018-07-01,Potato,1395.39,1278.23,1506.08,India,All,Monthly,46.12,2018,7,Monsoon,3.3615155
2018-06-01,Potato,1349.27,1239.65,1451.37,India,All,Monthly,102.4,2018,6,Monsoon,3.4142177
2018-05-01,Potato,1246.87,1142.94,1348.14,India,All,Monthly,247.97,2018,5,Summer,3.4804652
2018-04-01,Potato,998.9,903.09,1093.38,India,All,Monthly,177.4,2018,4,Summer,3.5159526
2018-03-01,Potato,821.5,734.29,906.78,India,All,Monthly,153.27,2018,3,Summer,3.5548034
2018-02-01,Potato,668.23,591.72,742.46,India,All,Monthly,-5.87,2018,2,Winter,3.5745983
2018-01-01,Potato,674.1,594.97,755.3,India,All,Monthly,-37.04,2018,1,Winter,3.608039
2017-12-01,Potato,711.14,619.09,806.51,India,All,Monthly,-19.35,2017,12,Winter,3.1279082
2017-11-01,Potato,730.49,634.39,834.79,India,All,Monthly,35.82,2017,11,Post-Monsoon,3.1806073
2017-10-01,Potato,694.67,608.73,782.62,India,All,Monthly,5.36,2017,10,Post-Monsoon,3.2217288
2017-09-01,Potato,689.31,606.67,779.35,India,All,Monthly,-46.12,2017,9,Post-Monsoon,3.260197
2017-08-01,Potato,735.43,652.44,830.75,India,All,Monthly,-9.29,2017,8,Monsoon,3.3095036
2017-07-01,Potato,744.72,666.7,836.83,India,All,Monthly,2.89,2017,7,Monsoon,3.3560057
2017-06-01,Potato,741.83,661.41,828.22,India,All,Monthly,21.22,2017,6,Monsoon,3.4038706
2017-05-01,Potato,720.61,644.4,809.03,India,All,Monthly,42.86,2017,5,Summer,3.4544435
2017-04-01,Potato,677.75,615.68,782.36,India,All,Monthly,39.49,2017,4,Summer,3.4993763
2017-03-01,Potato,638.26,577.08,741.83,India,All,Monthly,-35.14,2017,3,Summer,3.5322933
2017-02-01,Potato,673.4,612.74,781.23,India,All,Monthly,-59.5,2017,2,Winter,3.5681667
2017-01-01,Potato,732.9,675.5,850.21,India,All,Monthly,0.0,2017,1,Winter,3.6118486
2025-03-01,Onion,2980.87,2637.11,3153.44,India,All,Monthly,-145.18,2025,3,Summer,3.5205631
2025-02-01,Onion,3126.05,2757.7,3309.77,India,All,Monthly,-81.39,2025,2,Winter,3.5667155
2025-01-01,Onion,3207.44,2813.26,3412.72,India,All,Monthly,-958.39,2025,1,Winter,3.5013912
2024-12-01,Onion,4165.83,3645.21,4456.65,India,All,Monthly,-727.43,2024,12,Winter,3.0423386
2024-11-01,Onion,4893.26,4253.07,5209.8,India,All,Monthly,248.56,2024,11,Post-Monsoon,3.2079368
2024-10-01,Onion,4644.7,4079.09,4909.8,India,All,Monthly,146.77,2024,10,Post-Monsoon,3.2401283
2024-09-01,Onion,4497.93,3984.7,4739.54,India,All,Monthly,731.55,2024,9,Post-Monsoon,3.3583965
2024-08-01,Onion,3766.38,3365.47,3957.64,India,All,Monthly,494.29,2024,8,Monsoon,3.3736017
2024-07-01,Onion,3272.09,2916.26,3467.09,India,All,Monthly,938.67,2024,7,Monsoon,3.4750423
2024-06-01,Onion,2333.42,2036.28,2553.41,India,All,Monthly,415.23,2024,6,Monsoon,3.454517
2024-05-01,Onion,1918.19,1683.88,2126.33,India,All,Monthly,1.89,2024,5,Summer,3.4502592
2024-04-01,Onion,1916.3,1708.34,2094.01,India,All,Monthly,-53.53,2024,4,Summer,3.4894423
2024-03-01,Onion,1969.83,1727.99,2151.61,India,All,Monthly,101.72,2024,3,Summer,3.5495129
2024-02-01,Onion,1868.11,1656.27,2066.96,India,All,Monthly,-378.46,2024,2,Winter,3.5319183
2024-01-01,Onion,2246.57,2008.28,2464.87,India,All,Monthly,-1927.22,2024,1,Winter,3.3860805
2023-11-01,Onion,4173.79,3725.41,4531.91,India,All,Monthly,1322.87,2023,11,Post-Monsoon,3.3426375
2023-10-01,Onion,2850.92,2494.14,3134.83,India,All,Monthly,503.5,2023,10,Post-Monsoon,3.2844517
2023-09-01,Onion,2347.42,2090.56,2570.6,India,All,Monthly,-292.85,2023,9,Post-Monsoon,3.2307277
2023-08-01,Onion,2640.27,2347.09,2886.29,India,All,Monthly,902.0,2023,8,Monsoon,3.425057
2023-07-01,Onion,1738.27,1515.21,1933.16,India,All,Monthly,283.38,2023,7,Monsoon,3.392067
2023-06-01,Onion,1454.89,1275.96,1622.87,India,All,Monthly,120.71,2023,6,Monsoon,3.4171953
2023-05-01,Onion,1334.18,1173.48,1487.56,India,All,Monthly,43.84,2023,5,Summer,3.4553676
2023-04-01,Onion,1290.34,1136.58,1430.17,India,All,Monthly,-91.01,2023,4,Summer,3.4849017
2023-03-01,Onion,1381.35,1214.59,1529.12,India,All,Monthly,-289.96,2023,3,Summer,3.5034196
2023-02-01,Onion,1671.31,1491.23,1836.53,India,All,Monthly,-306.85,2023,2,Winter,3.5401547
2023-01-01,Onion,1978.16,1776.12,2154.36,India,All,Monthly,85.79,2023,1,Winter,3.6219869
2022-12-01,Onion,1892.37,1665.68,2091.2,India,All,Monthly,-239.76,2022,12,Winter,3.101507
2022-11-01,Onion,2132.13,1880.38,2359.31,India,All,Monthly,228.01,2022,11,Post-Monsoon,3.2051253
2022-10-01,Onion,1904.12,1686.05,2092.91,India,All,Monthly,270.39,2022,10,Post-Monsoon,3.2552881
2022-09-01,Onion,1633.73,1453.9,1797.08,India,All,Monthly,-14.72,2022,9,Post-Monsoon,3.2646825
2022-08-01,Onion,1648.45,1461.27,1817.95,India,All,Monthly,35.92,2022,8,Monsoon,3.3156872
2022-07-01,Onion,1612.53,1413.87,1787.17,India,All,Monthly,138.86,2022,7,Monsoon,3.3737104
2022-06-01,Onion,1473.67,1280.83,1648.3,India,All,Monthly,100.15,2022,6,Monsoon,3.4144669
2022-05-01,Onion,1373.52,1206.62,1529.71,India,All,Monthly,-133.48,2022,5,Summer,3.433166
2022-04-01,Onion,1507.0,1332.08,1664.72,India,All,Monthly,-589.31,2022,4,Summer,3.424461
2022-03-01,Onion,2096.31,1863.23,2297.44,India,All,Monthly,-436.56,2022,3,Summer,3.486174
2022-02-01,Onion,2532.87,2207.17,2787.4,India,All,Monthly,79.83,2022,2,Winter,3.5853333
2022-01-01,Onion,2453.04,2152.63,2697.12,India,All,Monthly,123.83,2022,1,Winter,3.6259868
2021-12-01,Onion,2329.21,2013.71,2582.01,India,All,Monthly,-343.86,2021,12,Winter,3.088647
2021-11-01,Onion,2673.07,2377.26,2921.84,India,All,Monthly,-93.52,2021,11,Post-Monsoon,3.165189
2021-10-01,Onion,2766.59,2424.26,3028.82,India,All,Monthly,792.23,2021,10,Post-Monsoon,3.3204772
2021-09-01,Onion,1974.36,1749.66,2150.11,India,All,Monthly,-115.11,2021,9,Post-Monsoon,3.252212
2021-08-01,Onion,2089.47,1862.56,2262.22,India,All,Monthly,-80.38,2021,8,Monsoon,3.30126
2021-07-01,Onion,2169.85,1938.15,2350.78,India,All,Monthly,157.64,2021,7,Monsoon,3.3759546
2021-06-01,Onion,2012.21,1773.18,2204.55,India,All,Monthly,365.75,2021,6,Monsoon,3.4478574
2021-05-01,Onion,1646.46,1483.26,1798.53,India,All,Monthly,103.94,2021,5,Summer,3.4626865
2021-04-01,Onion,1542.52,1385.67,1686.06,India,All,Monthly,-755.2,2021,4,Summer,3.4037948
2021-03-01,Onion,2297.72,2072.03,2497.79,India,All,Monthly,-1048.78,2021,3,Summer,3.413247
2021-02-01,Onion,3346.5,2993.01,3625.94,India,All,Monthly,544.27,2021,2,Winter,3.640728
2021-01-01,Onion,2802.23,2516.78,3037.27,India,All,Monthly,-196.0,2021,1,Winter,3.5916028
2020-12-01,Onion,2998.23,2662.54,3266.15,India,All,Monthly,-1248.92,2020,12,Winter,2.9783561
2020-11-01,Onion,4247.15,3778.84,4631.31,India,All,Monthly,516.09,2020,11,Post-Monsoon,3.2407875
2020-10-01,Onion,3731.06,3348.88,4045.21,India,All,Monthly,1437.55,2020,10,Post-Monsoon,3.4019928
2020-09-01,Onion,2293.51,1994.88,2526.97,India,All,Monthly,899.38,2020,9,Post-Monsoon,3.37913
2020-08-01,Onion,1394.13,1228.85,1535.64,India,All,Monthly,103.38,2020,8,Monsoon,3.3238096
2020-07-01,Onion,1290.75,1149.65,1414.37,India,All,Monthly,89.25,2020,7,Monsoon,3.367202
2020-06-01,Onion,1201.5,1059.13,1329.33,India,All,Monthly,-35.58,2020,6,Monsoon,3.397193
2020-05-01,Onion,1237.08,1111.89,1351.14,India,All,Monthly,-550.38,2020,5,Summer,3.3814902
2020-04-01,Onion,1787.46,1641.2,1925.16,India,All,Monthly,-447.17,2020,4,Summer,3.4417667
2020-03-01,Onion,2234.63,2005.81,2429.95,India,All,Monthly,-483.18,2020,3,Summer,3.4804387
2020-02-01,Onion,2717.81,2447.96,2943.65,India,All,Monthly,-1874.9,2020,2,Winter,3.3509073
2020-01-01,Onion,4592.71,4103.65,4988.23,India,All,Monthly,-1549.96,2020,1,Winter,3.429813
2019-12-01,Onion,6142.67,4619.2,7318.98,India,All,Monthly,1781.15,2019,12,Winter,3.3538284
2019-11-01,Onion,4361.52,3832.34,4761.93,India,All,Monthly,921.35,2019,11,Post-Monsoon,3.291307
2019-10-01,Onion,3440.17,3098.79,3720.83,India,All,Monthly,568.49,2019,10,Post-Monsoon,3.2920485
2019-09-01,Onion,2871.68,2586.11,3098.47,India,All,Monthly,996.4,2019,9,Post-Monsoon,3.391279
2019-08-01,Onion,1875.28,1662.69,2039.09,India,All,Monthly,351.02,2019,8,Monsoon,3.3549013
2019-07-01,Onion,1524.26,1345.08,1671.06,India,All,Monthly,213.18,2019,7,Monsoon,3.382712
2019-06-01,Onion,1311.08,1138.19,1459.76,India,All,Monthly,205.47,2019,6,Monsoon,3.42736
2019-05-01,Onion,1105.61,965.54,1228.33,India,All,Monthly,131.32,2019,5,Summer,3.4658756
2019-04-01,Onion,974.29,849.47,1084.32,India,All,Monthly,12.4,2019,4,Summer,3.4964666
2019-03-01,Onion,961.89,842.3,1061.7,India,All,Monthly,-5.31,2019,3,Summer,3.5360901
2019-02-01,Onion,967.2,852.15,1070.62,India,All,Monthly,-91.73,2019,2,Winter,3.564682
2019-01-01,Onion,1058.93,932.88,1171.01,India,All,Monthly,-106.69,2019,1,Winter,3.6008096
2018-12-01,Onion,1165.62,1028.31,1290.91,India,All,Monthly,-354.71,2018,12,Winter,3.0869093
2018-11-01,Onion,1520.33,1360.78,1661.35,India,All,Monthly,42.26,2018,11,Post-Monsoon,3.1815248
2018-10-01,Onion,1478.07,1308.92,1623.33,India,All,Monthly,112.61,2018,10,Post-Monsoon,3.2351208
2018-09-01,Onion,1365.46,1225.24,1491.56,India,All,Monthly,-186.3,2018,9,Post-Monsoon,3.2431164
2018-08-01,Onion,1551.76,1393.1,1684.74,India,All,Monthly,-62.19,2018,8,Monsoon,3.3031223
2018-07-01,Onion,1613.95,1439.08,1757.98,India,All,Monthly,412.37,2018,7,Monsoon,3.4077158
2018-06-01,Onion,1201.58,1055.8,1330.81,India,All,Monthly,156.52,2018,6,Monsoon,3.4210484
2018-05-01,Onion,1045.06,925.25,1153.7,India,All,Monthly,-126.47,2018,5,Summer,3.4334998
2018-04-01,Onion,1171.53,1046.63,1287.76,India,All,Monthly,-403.62,2018,4,Summer,3.4468718
2018-03-01,Onion,1575.15,1421.37,1716.63,India,All,Monthly,-829.68,2018,3,Summer,3.4396338
2018-02-01,Onion,2404.83,2194.53,2585.98,India,All,Monthly,-856.89,2018,2,Winter,3.475008
2018-01-01,Onion,3261.72,2968.97,3493.01,India,All,Monthly,-62.45,2018,1,Winter,3.6053505
2017-12-01,Onion,3324.17,3001.98,3585.18,India,All,Monthly,300.11,2017,12,Winter,3.1675684
2017-11-01,Onion,3024.06,2660.16,3301.95,India,All,Monthly,673.99,2017,11,Post-Monsoon,3.2600977
2017-10-01,Onion,2350.07,2091.58,2566.2,India,All,Monthly,383.19,2017,10,Post-Monsoon,3.2687156
2017-09-01,Onion,1966.88,1766.26,2143.26,India,All,Monthly,-116.87,2017,9,Post-Monsoon,3.2514963
2017-08-01,Onion,2083.75,1855.99,2283.45,India,All,Monthly,901.1,2017,8,Monsoon,3.4241943
2017-07-01,Onion,1182.65,1066.57,1307.57,India,All,Monthly,4.87,2017,7,Monsoon,3.3562527
2017-06-01,Onion,1177.78,1068.71,1298.65,India,All,Monthly,92.26,2017,6,Monsoon,3.4128041
2017-05-01,Onion,1085.52,975.1,1207.15,India,All,Monthly,17.16,2017,5,Summer,3.4512281
2017-04-01,Onion,1068.36,964.02,1192.76,India,All,Monthly,5.97,2017,4,Summer,3.4954126
2017-03-01,Onion,1062.39,958.57,1198.85,India,All,Monthly,13.81,2017,3,Summer,3.5380588
2017-02-01,Onion,1048.58,944.51,1181.68,India,All,Monthly,-22.75,2017,2,Winter,3.572472
2017-01-01,Onion,1071.33,960.1,1214.96,India,All,Monthly,0.0,2017,1,Winter,3.6118486
2025-03-01,Banana,4358.12,3663.15,4520.2,India,All,Monthly,-101.65,2025,3,Summer,3.525638
2025-02-01,Banana,4459.77,3758.27,4616.49,India,All,Monthly,60.43,2025,2,Winter,3.5834372
2025-01-01,Banana,4399.34,3689.86,4558.33,India,All,Monthly,218.49,2025,1,Winter,3.6367025
2024-12-01,Banana,4180.85,3503.16,4336.37,India,All,Monthly,224.46,2024,12,Winter,3.1590981
2024-11-01,Banana,3956.39,3333.01,4112.91,India,All,Monthly,-100.92,2024,11,Post-Monsoon,3.164653
2024-10-01,Banana,4057.31,3407.14,4215.85,India,All,Monthly,-82.28,2024,10,Post-Monsoon,3.2118168
2024-09-01,Banana,4139.59,3464.1,4306.44,India,All,Monthly,-144.58,2024,9,Post-Monsoon,3.2489624
2024-08-01,Banana,4284.17,3584.29,4426.09,India,All,Monthly,435.28,2024,8,Monsoon,3.3661551
2024-07-01,Banana,3848.89,3306.63,3994.32,India,All,Monthly,500.97,2024,7,Monsoon,3.4196684
2024-06-01,Banana,3347.92,2996.06,3497.68,India,All,Monthly,81.63,2024,6,Monsoon,3.4123962
2024-05-01,Banana,3266.29,2948.24,3441.28,India,All,Monthly,117.13,2024,5,Summer,3.4647517
2024-04-01,Banana,3149.16,2869.24,3356.06,India,All,Monthly,87.83,2024,4,Summer,3.5061722
2024-03-01,Banana,3061.33,2846.13,3262.75,India,All,Monthly,38.99,2024,3,Summer,3.5420406
2024-02-01,Banana,3022.34,2815.66,3214.8,India,All,Monthly,53.06,2024,2,Winter,3.5824213
2024-01-01,Banana,2969.28,2758.63,3172.09,India,All,Monthly,27.33,2024,1,Winter,3.615777
2023-12-01,Banana,2941.95,2734.39,3143.73,India,All,Monthly,-140.76,2023,12,Winter,3.1137896
2023-11-01,Banana,3082.71,2837.37,3313.27,India,All,Monthly,-31.37,2023,11,Post-Monsoon,3.1730874
2023-10-01,Banana,3114.08,2863.92,3345.81,India,All,Monthly,-197.58,2023,10,Post-Monsoon,3.1975322
2023-09-01,Banana,3311.66,3048.74,3565.47,India,All,Monthly,-32.65,2023,9,Post-Monsoon,3.2626023
2023-08-01,Banana,3344.31,3088.52,3586.05,India,All,Monthly,-54.39,2023,8,Monsoon,3.3047056
2023-07-01,Banana,3398.7,3128.82,3646.57,India,All,Monthly,128.72,2023,7,Monsoon,3.372556
2023-06-01,Banana,3269.98,3001.62,3522.01,India,All,Monthly,328.48,2023,6,Monsoon,3.44342
2023-05-01,Banana,2941.5,2717.99,3152.54,India,All,Monthly,-124.7,2023,5,Summer,3.4343863
2023-04-01,Banana,3066.2,2832.14,3280.78,India,All,Monthly,-367.01,2023,4,Summer,3.452052
2023-03-01,Banana,3433.21,3178.63,3676.06,India,All,Monthly,95.19,2023,3,Summer,3.5485933
2023-02-01,Banana,3338.02,3081.31,3571.93,India,All,Monthly,-98.61,2023,2,Winter,3.5644338
2023-01-01,Banana,3436.63,3126.62,3701.82,India,All,Monthly,-55.7,2023,1,Winter,3.6067603
2022-12-01,Banana,3492.33,3171.32,3800.5,India,All,Monthly,664.36,2022,12,Winter,3.2136617
2022-11-01,Banana,2827.97,2611.91,3021.49,India,All,Monthly,-291.5,2022,11,Post-Monsoon,3.1410446
2022-10-01,Banana,3119.47,2883.71,3269.83,India,All,Monthly,-139.62,2022,10,Post-Monsoon,3.2045105
2022-09-01,Banana,3259.09,3002.92,3487.1,India,All,Monthly,-185.78,2022,9,Post-Monsoon,3.2436795
2022-08-01,Banana,3444.87,3189.93,3678.49,India,All,Monthly,-48.47,2022,8,Monsoon,3.3053088
2022-07-01,Banana,3493.34,3242.91,3718.17,India,All,Monthly,-73.5,2022,7,Monsoon,3.3471146
2022-06-01,Banana,3566.84,3317.27,3791.2,India,All,Monthly,332.59,2022,6,Monsoon,3.4438052
2022-05-01,Banana,3234.25,2998.42,3444.63,India,All,Monthly,49.42,2022,5,Summer,3.4559386
2022-04-01,Banana,3184.83,2956.05,3384.97,India,All,Monthly,110.28,2022,4,Summer,3.5085502
2022-03-01,Banana,3074.55,2834.29,3281.38,India,All,Monthly,64.3,2022,3,Summer,3.5447721
2022-02-01,Banana,3010.25,2774.36,3222.08,India,All,Monthly,120.64,2022,2,Winter,3.590195
2022-01-01,Banana,2889.61,2662.63,3090.77,India,All,Monthly,376.58,2022,1,Winter,3.6536756
2021-12-01,Banana,2513.03,2334.45,2667.22,India,All,Monthly,6.18,2021,12,Winter,3.1315992
2021-11-01,Banana,2506.85,2321.06,2669.11,India,All,Monthly,25.85,2021,11,Post-Monsoon,3.1798797
2021-10-01,Banana,2481.0,2293.07,2648.34,India,All,Monthly,-78.92,2021,10,Post-Monsoon,3.211856
2021-09-01,Banana,2559.92,2376.77,2718.05,India,All,Monthly,-91.78,2021,9,Post-Monsoon,3.2550812
2021-08-01,Banana,2651.7,2470.07,2810.88,India,All,Monthly,27.34,2021,8,Monsoon,3.3145072
2021-07-01,Banana,2624.36,2443.62,2782.79,India,All,Monthly,132.34,2021,7,Monsoon,3.3727632
2021-06-01,Banana,2492.02,2315.97,2647.54,India,All,Monthly,-84.33,2021,6,Monsoon,3.391252
2021-05-01,Banana,2576.35,2412.11,2738.32,India,All,Monthly,-10.26,2021,5,Summer,3.448345
2021-04-01,Banana,2586.61,2412.33,2756.33,India,All,Monthly,215.33,2021,4,Summer,3.5209155
2021-03-01,Banana,2371.28,2202.54,2537.34,India,All,Monthly,83.38,2021,3,Summer,3.5469031
2021-02-01,Banana,2287.9,2127.45,2439.24,India,All,Monthly,53.37,2021,2,Winter,3.5820432
2021-01-01,Banana,2234.53,2078.26,2388.9,India,All,Monthly,-99.87,2021,1,Winter,3.6018093
2020-12-01,Banana,2334.4,2167.22,2491.15,India,All,Monthly,-110.16,2020,12,Winter,3.117144
2020-11-01,Banana,2444.56,2264.84,2610.91,India,All,Monthly,-93.53,2020,11,Post-Monsoon,3.165063
2020-10-01,Banana,2538.09,2357.66,2702.81,India,All,Monthly,-108.01,2020,10,Post-Monsoon,3.2081509
2020-09-01,Banana,2646.1,2470.85,2820.34,India,All,Monthly,95.64,2020,9,Post-Monsoon,3.2780576
2020-08-01,Banana,2550.46,2375.7,2711.65,India,All,Monthly,174.34,2020,8,Monsoon,3.332737
2020-07-01,Banana,2376.12,2206.25,2529.83,India,All,Monthly,-35.38,2020,7,Monsoon,3.351613
2020-06-01,Banana,2411.5,2241.59,2563.8,India,All,Monthly,20.06,2020,6,Monsoon,3.4041264
2020-05-01,Banana,2391.44,2219.87,2542.06,India,All,Monthly,-40.6,2020,5,Summer,3.4444308
2020-04-01,Banana,2432.04,2269.74,2581.34,India,All,Monthly,-24.22,2020,4,Summer,3.4923015
2020-03-01,Banana,2456.26,2281.1,2613.77,India,All,Monthly,50.67,2020,3,Summer,3.5428653
2020-02-01,Banana,2405.59,2234.79,2560.91,India,All,Monthly,-141.45,2020,2,Winter,3.55903
2020-01-01,Banana,2547.04,2371.61,2710.64,India,All,Monthly,65.08,2020,1,Winter,3.6193151
2019-12-01,Banana,2481.96,2299.12,2653.38,India,All,Monthly,-77.04,2019,12,Winter,3.121083
2019-11-01,Banana,2559.0,2372.03,2731.88,India,All,Monthly,-236.57,2019,11,Post-Monsoon,3.1473837
2019-10-01,Banana,2795.57,2592.19,2993.05,India,All,Monthly,-88.27,2019,10,Post-Monsoon,3.2104554
2019-09-01,Banana,2883.84,2676.36,3077.09,India,All,Monthly,79.29,2019,9,Post-Monsoon,3.275896
2019-08-01,Banana,2804.55,2607.96,2993.35,India,All,Monthly,30.24,2019,8,Monsoon,3.3146143
2019-07-01,Banana,2774.31,2586.44,2950.28,India,All,Monthly,42.67,2019,7,Monsoon,3.3612103
2019-06-01,Banana,2731.64,2544.48,2911.9,India,All,Monthly,175.72,2019,6,Monsoon,3.423605
2019-05-01,Banana,2555.92,2362.67,2737.01,India,All,Monthly,237.8,2019,5,Summer,3.479315
2019-04-01,Banana,2318.12,2142.76,2482.73,India,All,Monthly,-48.14,2019,4,Summer,3.489336
2019-03-01,Banana,2366.26,2191.11,2525.83,India,All,Monthly,22.16,2019,3,Summer,3.5393274
2019-02-01,Banana,2344.1,2173.55,2505.89,India,All,Monthly,13.71,2019,2,Winter,3.5770426
2019-01-01,Banana,2330.39,2170.63,2484.83,India,All,Monthly,44.27,2019,1,Winter,3.6169178
2018-12-01,Banana,2286.12,2124.68,2437.15,India,All,Monthly,-46.42,2018,12,Winter,3.124714
2018-11-01,Banana,2332.54,2173.07,2484.88,India,All,Monthly,51.37,2018,11,Post-Monsoon,3.1826458
2018-10-01,Banana,2281.17,2115.15,2434.91,India,All,Monthly,-46.2,2018,10,Post-Monsoon,3.2155082
2018-09-01,Banana,2327.37,2166.18,2493.53,India,All,Monthly,-77.89,2018,9,Post-Monsoon,3.256415
2018-08-01,Banana,2405.26,2239.57,2566.69,India,All,Monthly,51.62,2018,8,Monsoon,3.3171186
2018-07-01,Banana,2353.64,2181.5,2505.54,India,All,Monthly,-57.88,2018,7,Monsoon,3.3485608
2018-06-01,Banana,2411.52,2242.56,2571.06,India,All,Monthly,-35.57,2018,6,Monsoon,3.3969278
2018-05-01,Banana,2447.09,2276.13,2610.03,India,All,Monthly,66.02,2018,5,Summer,3.4575
2018-04-01,Banana,2381.07,2220.34,2530.11,India,All,Monthly,-22.26,2018,4,Summer,3.492236
2018-03-01,Banana,2403.33,2247.75,2564.15,India,All,Monthly,17.04,2018,3,Summer,3.5385811
2018-02-01,Banana,2386.29,2226.02,2545.41,India,All,Monthly,105.29,2018,2,Winter,3.5878136
2018-01-01,Banana,2281.0,2114.33,2427.81,India,All,Monthly,-61.43,2018,1,Winter,3.6054583
2017-12-01,Banana,2342.43,2171.28,2494.64,India,All,Monthly,-124.37,2017,12,Winter,3.1149836
2017-11-01,Banana,2466.8,2295.2,2627.42,India,All,Monthly,-22.11,2017,11,Post-Monsoon,3.1734781
2017-10-01,Banana,2488.91,2319.1,2645.63,India,All,Monthly,-157.69,2017,10,Post-Monsoon,3.2016625
2017-09-01,Banana,2646.6,2473.78,2822.29,India,All,Monthly,-206.28,2017,9,Post-Monsoon,3.2405515
2017-08-01,Banana,2852.88,2667.89,3052.95,India,All,Monthly,288.32,2017,8,Monsoon,3.3467417
2017-07-01,Banana,2564.56,2383.09,2759.42,India,All,Monthly,-12.26,2017,7,Monsoon,3.3541188
2017-06-01,Banana,2576.82,2403.26,2755.87,India,All,Monthly,60.81,2017,6,Monsoon,3.4088345
2017-05-01,Banana,2516.01,2341.16,2694.55,India,All,Monthly,-39.28,2017,5,Summer,3.444195
2017-04-01,Banana,2555.29,2407.32,2761.65,India,All,Monthly,66.84,2017,4,Summer,3.502634
2017-03-01,Banana,2488.45,2346.67,2704.57,India,All,Monthly,57.2,2017,3,Summer,3.543218
2017-02-01,Banana,2431.25,2305.03,2665.68,India,All,Monthly,23.04,2017,2,Winter,3.5778775
2017-01-01,Banana,2408.21,2291.21,2626.24,India,All,Monthly,0.0,2017,1,Winter,3.6118486
2025-03-01,Mango,10221.24,7947.23,12280.76,India,All,Monthly,-527.72,2025,3,Summer,3.4759386
2025-02-01,Mango,10748.96,8619.57,12775.6,India,All,Monthly,2228.15,2025,2,Winter,3.8309536
2025-01-01,Mango,8520.81,7378.81,9485.86,India,All,Monthly,839.77,2025,1,Winter,3.7058558
2024-12-01,Mango,7681.04,6418.81,8513.55,India,All,Monthly,-182.03,2024,12,Winter,3.108848
2024-11-01,Mango,7863.07,6548.96,8780.67,India,All,Monthly,-1174.65,2024,11,Post-Monsoon,3.0337973
2024-10-01,Mango,9037.72,7805.63,9633.44,India,All,Monthly,-1077.02,2024,10,Post-Monsoon,3.0905786
2024-09-01,Mango,10114.74,8473.9,10757.86,India,All,Monthly,4021.19,2024,9,Post-Monsoon,3.7666109
2024-08-01,Mango,6093.55,5025.37,6706.27,India,All,Monthly,1722.58,2024,8,Monsoon,3.5289745
2024-07-01,Mango,4370.97,3461.07,4931.57,India,All,Monthly,454.38,2024,7,Monsoon,3.413774
2024-06-01,Mango,3916.59,3166.3,4749.57,India,All,Monthly,-1091.87,2024,6,Monsoon,3.2683797
2024-05-01,Mango,5008.46,4200.82,5809.81,India,All,Monthly,-2175.74,2024,5,Summer,3.1828313
2024-04-01,Mango,7184.2,5914.44,8468.75,India,All,Monthly,-1737.95,2024,4,Summer,3.2834208
2024-03-01,Mango,8922.15,7346.46,10403.26,India,All,Monthly,-1947.43,2024,3,Summer,3.3022437
2024-02-01,Mango,10869.58,8768.9,12987.24,India,All,Monthly,-1242.9,2024,2,Winter,3.4303606
2024-01-01,Mango,12112.48,9612.25,14429.9,India,All,Monthly,1699.97,2024,1,Winter,3.801884
2023-12-01,Mango,10412.51,8429.53,12033.92,India,All,Monthly,1219.22,2023,12,Winter,3.283237
2023-11-01,Mango,9193.29,7477.18,10371.68,India,All,Monthly,536.17,2023,11,Post-Monsoon,3.2436652
2023-10-01,Mango,8657.12,7420.99,9884.53,India,All,Monthly,2179.58,2023,10,Post-Monsoon,3.496216
2023-09-01,Mango,6477.54,5673.43,7293.7,India,All,Monthly,1692.14,2023,9,Post-Monsoon,3.4797864
2023-08-01,Mango,4785.4,4036.14,5561.88,India,All,Monthly,1462.98,2023,8,Monsoon,3.4960198
2023-07-01,Mango,3322.42,2670.76,3989.28,India,All,Monthly,-309.71,2023,7,Monsoon,3.3182766
2023-06-01,Mango,3632.13,2964.17,4319.5,India,All,Monthly,-477.99,2023,6,Monsoon,3.3430405
2023-05-01,Mango,4110.12,3376.48,4857.69,India,All,Monthly,-821.09,2023,5,Summer,3.3487043
2023-04-01,Mango,4931.21,4007.11,5857.19,India,All,Monthly,-2910.56,2023,4,Summer,3.1374671
2023-03-01,Mango,7841.77,6443.41,9293.69,India,All,Monthly,-3582.71,2023,3,Summer,3.097392
2023-02-01,Mango,11424.48,10279.9,12754.03,India,All,Monthly,-1224.3,2023,2,Winter,3.4324603
2023-01-01,Mango,12648.78,11553.33,13770.21,India,All,Monthly,2307.2,2023,1,Winter,3.8696308
2022-12-01,Mango,10341.58,9105.26,11542.81,India,All,Monthly,3097.11,2022,12,Winter,3.5207717
2022-11-01,Mango,7244.47,6196.68,8319.1,India,All,Monthly,-144.45,2022,11,Post-Monsoon,3.159046
2022-10-01,Mango,7388.92,6556.22,8259.46,India,All,Monthly,-1691.52,2022,10,Post-Monsoon,3.0154085
2022-09-01,Mango,9080.44,8318.08,9851.9,India,All,Monthly,2480.15,2022,9,Post-Monsoon,3.579389
2022-08-01,Mango,6600.29,5813.29,7362.39,India,All,Monthly,2771.16,2022,8,Monsoon,3.6562595
2022-07-01,Mango,3829.13,3244.79,4414.9,India,All,Monthly,21.3,2022,7,Monsoon,3.3589232
2022-06-01,Mango,3807.83,3104.11,4525.8,India,All,Monthly,-1080.4,2022,6,Monsoon,3.2695122
2022-05-01,Mango,4888.23,4074.43,5749.9,India,All,Monthly,-2650.77,2022,5,Summer,3.123946
2022-04-01,Mango,7539.0,6135.66,8955.0,India,All,Monthly,-1781.41,2022,4,Summer,3.277792
2022-03-01,Mango,9320.41,7421.76,11333.56,India,All,Monthly,-7722.0,2022,3,Summer,2.5886202
2022-02-01,Mango,17042.41,15015.73,19426.46,India,All,Monthly,4427.88,2022,2,Winter,4.076456
2022-01-01,Mango,12614.53,11408.41,14182.24,India,All,Monthly,6423.83,2022,1,Winter,4.331289
2021-12-01,Mango,6190.7,5886.63,6531.98,India,All,Monthly,150.07,2021,12,Winter,3.1494136
2021-11-01,Mango,6040.63,5724.08,6398.43,India,All,Monthly,-560.89,2021,11,Post-Monsoon,3.1080804
2021-10-01,Mango,6601.52,6249.53,6951.83,India,All,Monthly,-72.6,2021,10,Post-Monsoon,3.2126336
2021-09-01,Mango,6674.12,6282.35,7030.09,India,All,Monthly,2702.39,2021,9,Post-Monsoon,3.6059966
2021-08-01,Mango,3971.73,3492.71,4483.8,India,All,Monthly,1348.64,2021,8,Monsoon,3.4813104
2021-07-01,Mango,2623.09,2213.6,3076.59,India,All,Monthly,-362.01,2021,7,Monsoon,3.3116698
2021-06-01,Mango,2985.1,2500.49,3468.03,India,All,Monthly,-871.37,2021,6,Monsoon,3.2948868
2021-05-01,Mango,3856.47,3297.61,4418.4,India,All,Monthly,-1730.99,2021,5,Summer,3.2373126
2021-04-01,Mango,5587.46,4727.48,6423.01,India,All,Monthly,-1358.93,2021,4,Summer,3.3297892
2021-03-01,Mango,6946.39,5684.68,8221.82,India,All,Monthly,-1184.03,2021,3,Summer,3.3963394
2021-02-01,Mango,8130.42,6770.42,9402.42,India,All,Monthly,1947.74,2021,2,Winter,3.7990458
2021-01-01,Mango,6182.68,5736.49,6647.56,India,All,Monthly,-223.72,2021,1,Winter,3.5884206
2020-12-01,Mango,6406.4,5990.4,6763.28,India,All,Monthly,-68.94,2020,12,Winter,3.122217
2020-11-01,Mango,6475.34,6135.62,6809.59,India,All,Monthly,-183.95,2020,11,Post-Monsoon,3.1539397
2020-10-01,Mango,6659.29,6319.47,7028.32,India,All,Monthly,-1431.5,2020,10,Post-Monsoon,3.0468874
2020-09-01,Mango,8090.79,7053.24,9029.98,India,All,Monthly,4625.49,2020,9,Post-Monsoon,3.8399742
2020-08-01,Mango,3465.3,2927.02,3986.77,India,All,Monthly,920.43,2020,8,Monsoon,3.4270139
2020-07-01,Mango,2544.87,2111.88,2973.82,India,All,Monthly,-1099.97,2020,7,Monsoon,3.2217565
2020-06-01,Mango,3644.84,2999.24,4310.37,India,All,Monthly,-761.15,2020,6,Monsoon,3.3082037
2020-05-01,Mango,4405.99,3791.25,5020.52,India,All,Monthly,-494.5,2020,5,Summer,3.3883765
2020-04-01,Mango,4900.49,4164.19,5612.47,India,All,Monthly,-813.04,2020,4,Summer,3.3965025
2020-03-01,Mango,5713.53,4953.0,6299.24,India,All,Monthly,-1132.47,2020,3,Summer,3.4026566
2020-02-01,Mango,6846.0,6013.26,7270.78,India,All,Monthly,-1865.85,2020,2,Winter,3.352045
2020-01-01,Mango,8711.85,8292.59,9097.04,India,All,Monthly,1536.85,2020,1,Winter,3.783091
2019-12-01,Mango,7175.0,6702.05,7582.19,India,All,Monthly,1420.65,2019,12,Winter,3.3081892
2019-11-01,Mango,5754.35,5202.17,6316.58,India,All,Monthly,-881.92,2019,11,Post-Monsoon,3.068781
2019-10-01,Mango,6636.27,6101.3,7066.45,India,All,Monthly,-490.15,2019,10,Post-Monsoon,3.161341
2019-09-01,Mango,7126.42,6424.98,7721.27,India,All,Monthly,3417.75,2019,9,Post-Monsoon,3.692279
2019-08-01,Mango,3708.67,3173.02,4218.43,India,All,Monthly,826.72,2019,8,Monsoon,3.4150338
2019-07-01,Mango,2881.95,2390.24,3380.28,India,All,Monthly,-382.89,2019,7,Monsoon,3.3088822
2019-06-01,Mango,3264.84,2702.83,3823.0,India,All,Monthly,-690.23,2019,6,Monsoon,3.316701
2019-05-01,Mango,3955.07,3309.78,4579.5,India,All,Monthly,-1542.51,2019,5,Summer,3.2601013
2019-04-01,Mango,5497.58,4556.88,6422.42,India,All,Monthly,-1267.66,2019,4,Summer,3.3406699
2019-03-01,Mango,6765.24,5432.54,8257.98,India,All,Monthly,-1738.99,2019,3,Summer,3.3276067
2019-02-01,Mango,8504.23,6742.77,10459.78,India,All,Monthly,1162.25,2019,2,Winter,3.7110548
2019-01-01,Mango,7341.98,6420.92,8301.33,India,All,Monthly,1888.65,2019,1,Winter,3.8222818
2018-12-01,Mango,5453.33,4801.06,5839.46,India,All,Monthly,-91.3,2018,12,Winter,3.119191
2018-11-01,Mango,5544.63,5204.69,5927.21,India,All,Monthly,-1575.37,2018,11,Post-Monsoon,2.9842243
2018-10-01,Mango,7120.0,6668.57,7459.71,India,All,Monthly,-81.33,2018,10,Post-Monsoon,3.2111847
2018-09-01,Mango,7201.33,6538.04,7910.89,India,All,Monthly,3828.02,2018,9,Post-Monsoon,3.7422028
2018-08-01,Mango,3373.31,2874.44,3826.09,India,All,Monthly,1166.16,2018,8,Monsoon,3.4578521
2018-07-01,Mango,2207.15,1762.94,2604.91,India,All,Monthly,-598.66,2018,7,Monsoon,3.2825303
2018-06-01,Mango,2805.81,2318.96,3264.4,India,All,Monthly,-926.98,2018,6,Monsoon,3.2877007
2018-05-01,Mango,3732.79,3110.98,4331.3,India,All,Monthly,-2106.11,2018,5,Summer,3.1906226
2018-04-01,Mango,5838.9,4687.59,6940.46,India,All,Monthly,-1276.34,2018,4,Summer,3.3394768
2018-03-01,Mango,7115.24,5227.22,8486.57,India,All,Monthly,61.22,2018,3,Summer,3.5438385
2018-02-01,Mango,7054.02,6334.55,7928.41,India,All,Monthly,-2227.6,2018,2,Winter,3.3066926
2018-01-01,Mango,9281.62,8498.8,10141.92,India,All,Monthly,1445.8,2018,1,Winter,3.7726336
2017-12-01,Mango,7835.82,7002.4,8741.32,India,All,Monthly,1046.04,2017,12,Winter,3.2606678
2017-11-01,Mango,6789.78,6263.33,7305.28,India,All,Monthly,-709.28,2017,11,Post-Monsoon,3.089531
2017-10-01,Mango,7499.06,6769.21,7975.3,India,All,Monthly,761.46,2017,10,Post-Monsoon,3.3160853
2017-09-01,Mango,6737.6,5884.7,7457.35,India,All,Monthly,1603.38,2017,9,Post-Monsoon,3.4678125
2017-08-01,Mango,5134.22,4573.19,5658.12,India,All,Monthly,2371.38,2017,8,Monsoon,3.6074326
2017-07-01,Mango,2762.84,2377.64,3155.47,India,All,Monthly,229.3,2017,7,Monsoon,3.3844957
2017-06-01,Mango,2533.54,2118.45,2943.5,India,All,Monthly,-247.68,2017,6,Monsoon,3.3704958
2017-05-01,Mango,2781.22,2281.85,3245.92,India,All,Monthly,-1079.37,2017,5,Summer,3.316386
2017-04-01,Mango,3860.59,2999.87,4639.9,India,All,Monthly,-875.67,2017,4,Summer,3.3883514
2017-03-01,Mango,4736.26,3744.1,5853.44,India,All,Monthly,89.99,2017,3,Summer,3.547124
2017-02-01,Mango,4646.27,3844.37,5950.89,India,All,Monthly,531.49,2017,2,Winter,3.6386335
2017-01-01,Mango,4114.78,3480.59,4654.77,India,All,Monthly,0.0,2017,1,Winter,3.6118486
2025-03-01,Apple,10509.66,9497.96,11254.53,India,All,Monthly,483.67,2025,3,Summer,3.5952678
2025-02-01,Apple,10025.99,9065.84,10739.86,India,All,Monthly,619.1,2025,2,Winter,3.6503057
2025-01-01,Apple,9406.89,8427.94,10163.95,India,All,Monthly,742.28,2025,1,Winter,3.6949565
2024-12-01,Apple,8664.61,7680.13,9440.91,India,All,Monthly,845.48,2024,12,Winter,3.2365546
2024-11-01,Apple,7819.13,6878.83,8598.03,India,All,Monthly,457.26,2024,11,Post-Monsoon,3.233953
2024-10-01,Apple,7361.87,6377.75,8169.19,India,All,Monthly,-1128.13,2024,10,Post-Monsoon,3.0843616
2024-09-01,Apple,8490.0,7278.82,9478.03,India,All,Monthly,-1907.34,2024,9,Post-Monsoon,3.0341816
2024-08-01,Apple,10397.34,9138.72,11462.36,India,All,Monthly,404.26,2024,8,Monsoon,3.3622417
2024-07-01,Apple,9993.08,9027.05,10833.18,India,All,Monthly,875.58,2024,7,Monsoon,3.467061
2024-06-01,Apple,9117.5,8409.66,9849.87,India,All,Monthly,156.34,2024,6,Monsoon,3.4218264
2024-05-01,Apple,8961.16,8196.24,9753.12,India,All,Monthly,203.55,2024,5,Summer,3.4756594
2024-04-01,Apple,8757.61,7950.26,9592.98,India,All,Monthly,518.94,2024,4,Summer,3.5576317
2024-03-01,Apple,8238.67,7468.15,9013.43,India,All,Monthly,459.98,2024,3,Summer,3.592295
2024-02-01,Apple,7778.69,7000.4,8594.3,India,All,Monthly,424.7,2024,2,Winter,3.6268005
2024-01-01,Apple,7353.99,6583.2,8143.83,India,All,Monthly,598.89,2024,1,Winter,3.6787868
2023-12-01,Apple,6755.1,6000.36,7566.48,India,All,Monthly,356.27,2023,12,Winter,3.1753926
2023-11-01,Apple,6398.83,5549.28,7279.79,India,All,Monthly,18.34,2023,11,Post-Monsoon,3.1792054
2023-10-01,Apple,6380.49,5419.54,7379.61,India,All,Monthly,-419.02,2023,10,Post-Monsoon,3.1704926
2023-09-01,Apple,6799.51,5721.72,7931.15,India,All,Monthly,-1704.43,2023,9,Post-Monsoon,3.0588162
2023-08-01,Apple,8503.94,7290.41,9870.17,India,All,Monthly,-1949.59,2023,8,Monsoon,3.073759
2023-07-01,Apple,10453.53,9365.01,11579.93,India,All,Monthly,800.36,2023,7,Monsoon,3.4574199
2023-06-01,Apple,9653.17,8844.63,10442.8,India,All,Monthly,640.92,2023,6,Monsoon,3.4829354
2023-05-01,Apple,9012.25,8275.96,9771.91,India,All,Monthly,795.44,2023,5,Summer,3.5470982
2023-04-01,Apple,8216.81,7526.39,8910.55,India,All,Monthly,692.99,2023,4,Summer,3.57828
2023-03-01,Apple,7523.82,6877.77,8187.98,India,All,Monthly,-637.37,2023,3,Summer,3.462832
2023-02-01,Apple,8161.19,7332.07,9025.18,India,All,Monthly,1257.24,2023,2,Winter,3.7222133
2023-01-01,Apple,6903.95,6096.94,7688.26,India,All,Monthly,715.17,2023,1,Winter,3.6916475
2022-12-01,Apple,6188.78,5453.17,6956.02,India,All,Monthly,1101.23,2022,12,Winter,3.2682536
2022-11-01,Apple,5087.55,4536.33,5661.89,India,All,Monthly,-137.01,2022,11,Post-Monsoon,3.1599617
2022-10-01,Apple,5224.56,4635.43,5821.19,India,All,Monthly,-540.34,2022,10,Post-Monsoon,3.1556103
2022-09-01,Apple,5764.9,5074.39,6482.84,India,All,Monthly,-532.14,2022,9,Post-Monsoon,3.2014904
2022-08-01,Apple,6297.04,5517.36,7100.73,India,All,Monthly,-2082.37,2022,8,Monsoon,3.0574322
2022-07-01,Apple,8379.41,7503.38,9318.56,India,All,Monthly,-689.11,2022,7,Monsoon,3.2720351
2022-06-01,Apple,9068.52,8355.61,9825.63,India,All,Monthly,424.08,2022,6,Monsoon,3.4553697
2022-05-01,Apple,8644.44,7968.69,9336.0,India,All,Monthly,617.35,2022,5,Summer,3.525692
2022-04-01,Apple,8027.09,7350.3,8736.1,India,All,Monthly,455.37,2022,4,Summer,3.5497384
2022-03-01,Apple,7571.72,6904.61,8256.07,India,All,Monthly,-390.26,2022,3,Summer,3.491589
2022-02-01,Apple,7961.98,7195.49,8611.62,India,All,Monthly,779.28,2022,2,Winter,3.6687603
2022-01-01,Apple,7182.7,6536.04,7813.82,India,All,Monthly,840.33,2022,1,Winter,3.705501
2021-12-01,Apple,6342.37,5779.6,6942.57,India,All,Monthly,370.35,2021,12,Winter,3.1768734
2021-11-01,Apple,5972.02,5371.7,6602.36,India,All,Monthly,251.27,2021,11,Post-Monsoon,3.2078998
2021-10-01,Apple,5720.75,5073.56,6413.76,India,All,Monthly,-83.57,2021,10,Post-Monsoon,3.2112837
2021-09-01,Apple,5804.32,5110.13,6503.12,India,All,Monthly,-1867.55,2021,9,Post-Monsoon,3.0386622
2021-08-01,Apple,7671.87,6842.24,8523.28,India,All,Monthly,-3275.67,2021,8,Monsoon,2.9109983
2021-07-01,Apple,10947.54,10090.1,11854.73,India,All,Monthly,-576.61,2021,7,Monsoon,3.285585
2021-06-01,Apple,11524.15,10872.08,12228.24,India,All,Monthly,1343.12,2021,6,Monsoon,3.5684223
2021-05-01,Apple,10181.03,9643.74,10743.81,India,All,Monthly,1701.42,2021,5,Summer,3.6554353
2021-04-01,Apple,8479.61,7937.12,9059.07,India,All,Monthly,846.58,2021,4,Summer,3.5963285
2021-03-01,Apple,7633.03,7137.07,8159.58,India,All,Monthly,534.05,2021,3,Summer,3.6007187
2021-02-01,Apple,7098.98,6611.98,7645.25,India,All,Monthly,639.28,2021,2,Winter,3.6521869
2021-01-01,Apple,6459.7,6025.79,6931.53,India,All,Monthly,665.0,2021,1,Winter,3.6857603
2020-12-01,Apple,5794.7,5329.65,6294.67,India,All,Monthly,411.83,2020,12,Winter,3.181907
2020-11-01,Apple,5382.87,4853.68,5943.91,India,All,Monthly,379.87,2020,11,Post-Monsoon,3.2238064
2020-10-01,Apple,5003.0,4431.32,5607.22,India,All,Monthly,-653.23,2020,10,Post-Monsoon,3.1416287
2020-09-01,Apple,5656.23,4992.36,6343.94,India,All,Monthly,-1009.81,2020,9,Post-Monsoon,3.1431599
2020-08-01,Apple,6666.04,5879.11,7454.12,India,All,Monthly,-1214.03,2020,8,Monsoon,3.1630838
2020-07-01,Apple,7880.07,7249.4,8485.1,India,All,Monthly,130.23,2020,7,Monsoon,3.372372
2020-06-01,Apple,7749.84,7238.18,8246.57,India,All,Monthly,98.4,2020,6,Monsoon,3.4139795
2020-05-01,Apple,7651.44,7195.76,8104.65,India,All,Monthly,320.05,2020,5,Summer,3.4898343
2020-04-01,Apple,7331.39,6903.62,7756.38,India,All,Monthly,1166.55,2020,4,Summer,3.6346097
2020-03-01,Apple,6164.84,5774.17,6596.77,India,All,Monthly,273.53,2020,3,Summer,3.5694468
2020-02-01,Apple,5891.31,5485.58,6361.53,India,All,Monthly,126.98,2020,2,Winter,3.5906754
2020-01-01,Apple,5764.33,5370.96,6203.18,India,All,Monthly,201.85,2020,1,Winter,3.6341968
2019-12-01,Apple,5562.48,5073.29,6083.64,India,All,Monthly,389.37,2019,12,Winter,3.1789699
2019-11-01,Apple,5173.11,4647.73,5742.03,India,All,Monthly,412.39,2019,11,Post-Monsoon,3.2277355
2019-10-01,Apple,4760.72,4128.88,5405.85,India,All,Monthly,-142.43,2019,10,Post-Monsoon,3.2037902
2019-09-01,Apple,4903.15,4249.53,5531.09,India,All,Monthly,-1196.57,2019,9,Post-Monsoon,3.120287
2019-08-01,Apple,6099.72,5362.99,6832.92,India,All,Monthly,-1870.22,2019,8,Monsoon,3.0829446
2019-07-01,Apple,7969.94,7251.37,8738.93,India,All,Monthly,-233.06,2019,7,Monsoon,3.3271117
2019-06-01,Apple,8203.0,7630.79,8761.49,India,All,Monthly,572.64,2019,6,Monsoon,3.473764
2019-05-01,Apple,7630.36,7065.77,8211.05,India,All,Monthly,765.8,2019,5,Summer,3.542966
2019-04-01,Apple,6864.56,6352.96,7410.49,India,All,Monthly,693.28,2019,4,Summer,3.577722
2019-03-01,Apple,6171.28,5688.11,6673.06,India,All,Monthly,427.12,2019,3,Summer,3.5876598
2019-02-01,Apple,5744.16,5282.51,6233.01,India,All,Monthly,134.52,2019,2,Winter,3.5914383
2019-01-01,Apple,5609.64,5149.25,6079.96,India,All,Monthly,206.94,2019,1,Winter,3.6346111
2018-12-01,Apple,5402.7,4947.61,5863.11,India,All,Monthly,-101.33,2018,12,Winter,3.1179564
2018-11-01,Apple,5504.03,4968.21,6023.87,India,All,Monthly,399.97,2018,11,Post-Monsoon,3.2260623
2018-10-01,Apple,5104.06,4434.04,5738.45,India,All,Monthly,-149.13,2018,10,Post-Monsoon,3.2028406
2018-09-01,Apple,5253.19,4523.17,6014.09,India,All,Monthly,-1403.24,2018,9,Post-Monsoon,3.094944
2018-08-01,Apple,6656.43,5773.21,7535.43,India,All,Monthly,-2122.73,2018,8,Monsoon,3.0520082
2018-07-01,Apple,8779.16,7916.66,9642.37,India,All,Monthly,-1026.34,2018,7,Monsoon,3.230485
2018-06-01,Apple,9805.5,9168.8,10430.5,India,All,Monthly,986.56,2018,6,Monsoon,3.5254376
2018-05-01,Apple,8818.94,8152.81,9503.77,India,All,Monthly,1336.59,2018,5,Summer,3.6110396
2018-04-01,Apple,7482.35,6844.91,8085.63,India,All,Monthly,955.22,2018,4,Summer,3.6088614
2018-03-01,Apple,6527.13,5910.44,7109.09,India,All,Monthly,558.19,2018,3,Summer,3.603177
2018-02-01,Apple,5968.94,5404.39,6547.13,India,All,Monthly,425.8,2018,2,Winter,3.6261024
2018-01-01,Apple,5543.14,5002.58,6102.9,India,All,Monthly,190.8,2018,1,Winter,3.6327162
2017-12-01,Apple,5352.34,4788.1,5911.07,India,All,Monthly,224.03,2017,12,Winter,3.1580844
2017-11-01,Apple,5128.31,4479.78,5749.56,India,All,Monthly,73.71,2017,11,Post-Monsoon,3.1852703
2017-10-01,Apple,5054.6,4278.51,5817.53,India,All,Monthly,-207.29,2017,10,Post-Monsoon,3.1955962
2017-09-01,Apple,5261.89,4387.07,6086.33,India,All,Monthly,-1338.05,2017,9,Post-Monsoon,3.1027737
2017-08-01,Apple,6599.94,5485.91,7657.75,India,All,Monthly,-1804.24,2017,8,Monsoon,3.0907426
2017-07-01,Apple,8404.18,7333.01,9383.2,India,All,Monthly,-748.38,2017,7,Monsoon,3.2642064
2017-06-01,Apple,9152.56,8558.41,9880.34,India,All,Monthly,373.63,2017,6,Monsoon,3.4483204
2017-05-01,Apple,8778.93,8166.2,9630.43,India,All,Monthly,501.39,2017,5,Summer,3.511108
2017-04-01,Apple,8277.54,7709.76,9253.8,India,All,Monthly,403.75,2017,4,Summer,3.542828
2017-03-01,Apple,7873.79,7246.92,8918.85,India,All,Monthly,610.5,2017,3,Summer,3.6092834
2017-02-01,Apple,7263.29,6592.87,8272.87,India,All,Monthly,569.58,2017,2,Winter,3.6432273
2017-01-01,Apple,6693.71,6044.41,7633.17,India,All,Monthly,557.69,2017,1,Winter,3.6732068
2016-12-01,Apple,6136.02,5396.27,7056.18,India,All,Monthly,0.0,2016,12,Winter,3.1301525
