month,commodity_name,avg_modal_price,avg_min_price,avg_max_price,state_name,district_name,calculationType,change
"2025-03-01","Water Melon",1842.28,1580.83,1973.54,"India","All","Monthly","-181.11"
"2025-02-01","Water Melon",2023.39,1735.56,2156.59,"India","All","Monthly","+51.10"
"2025-01-01","Water Melon",1972.29,1676.86,2135.44,"India","All","Monthly","-132.30"
"2024-12-01","Water Melon",2104.59,1785.27,2271.14,"India","All","Monthly","-244.59"
"2024-11-01","Water Melon",2349.18,2005.35,2535.74,"India","All","Monthly","+10.33"
"2024-10-01","Water Melon",2338.85,1977.07,2499.95,"India","All","Monthly","+142.95"
"2024-09-01","Water Melon",2195.9,1839.69,2344.57,"India","All","Monthly","+152.20"
"2024-08-01","Water Melon",2043.7,1721.3,2153.68,"India","All","Monthly","+391.24"
"2024-07-01","Water Melon",1652.46,1411.94,1787.06,"India","All","Monthly","+707.10"
"2024-06-01","Water Melon",945.36,823.23,1075.91,"India","All","Monthly","-259.55"
"2024-05-01","Water Melon",1204.91,1049.42,1364.35,"India","All","Monthly","-497.59"
"2024-04-01","Water Melon",1702.5,1483.63,1934.17,"India","All","Monthly","-398.21"
"2024-03-01","Water Melon",2100.71,1860.33,2324.54,"India","All","Monthly","-261.45"
"2024-02-01","Water Melon",2362.16,2105.76,2626.76,"India","All","Monthly","-68.35"
"2024-01-01","Water Melon",2430.51,2184.04,2671.23,"India","All","Monthly","+245.79"
"2023-12-01","Water Melon",2184.72,1938.9,2412.57,"India","All","Monthly","+325.79"
"2023-11-01","Water Melon",1858.93,1619.61,2121.72,"India","All","Monthly","-1.04"
"2023-10-01","Water Melon",1859.97,1614.08,2118.58,"India","All","Monthly","-220.23"
"2023-09-01","Water Melon",2080.2,1834.14,2351.07,"India","All","Monthly","-310.25"
"2023-08-01","Water Melon",2390.45,2110.39,2710.24,"India","All","Monthly","+420.72"
"2023-07-01","Water Melon",1969.73,1708.2,2253.03,"India","All","Monthly","+913.88"
"2023-06-01","Water Melon",1055.85,919.56,1191.44,"India","All","Monthly","-15.96"
"2023-05-01","Water Melon",1071.81,933.19,1212.94,"India","All","Monthly","-170.55"
"2023-04-01","Water Melon",1242.36,1077.13,1412.73,"India","All","Monthly","-278.53"
"2023-03-01","Water Melon",1520.89,1318.57,1721.68,"India","All","Monthly","+90.16"
"2023-02-01","Water Melon",1430.73,1216.3,1627.15,"India","All","Monthly","-0.53"
"2023-01-01","Water Melon",1431.26,1214.45,1619.87,"India","All","Monthly","-76.38"
"2022-12-01","Water Melon",1507.64,1277.62,1760.42,"India","All","Monthly","-455.10"
"2022-11-01","Water Melon",1962.74,1679.8,2219.44,"India","All","Monthly","-223.95"
"2022-10-01","Water Melon",2186.69,1856.86,2515.07,"India","All","Monthly","+333.29"
"2022-09-01","Water Melon",1853.4,1567.88,2132.69,"India","All","Monthly","+248.65"
"2022-08-01","Water Melon",1604.75,1389.25,1824.9,"India","All","Monthly","+215.41"
"2022-07-01","Water Melon",1389.34,1202.76,1593.47,"India","All","Monthly","+522.73"
"2022-06-01","Water Melon",866.61,741.72,989.53,"India","All","Monthly","-113.30"
"2022-05-01","Water Melon",979.91,848.71,1112.12,"India","All","Monthly","-632.43"
"2022-04-01","Water Melon",1612.34,1401.84,1816.34,"India","All","Monthly","-43.38"
"2022-03-01","Water Melon",1655.72,1395.82,1918.01,"India","All","Monthly","-246.71"
"2022-02-01","Water Melon",1902.43,1594.35,2172.6,"India","All","Monthly","-54.87"
"2022-01-01","Water Melon",1957.3,1659.18,2274.95,"India","All","Monthly","-74.48"
"2021-12-01","Water Melon",2031.78,1732.58,2347.63,"India","All","Monthly","+256.30"
"2021-11-01","Water Melon",1775.48,1512.45,2057.41,"India","All","Monthly","+202.33"
"2021-10-01","Water Melon",1573.15,1351.91,1795.48,"India","All","Monthly","+6.71"
"2021-09-01","Water Melon",1566.44,1350.51,1780.23,"India","All","Monthly","-425.67"
"2021-08-01","Water Melon",1992.11,1726.15,2257.58,"India","All","Monthly","+318.77"
"2021-07-01","Water Melon",1673.34,1492.63,1854.02,"India","All","Monthly","+923.51"
"2021-06-01","Water Melon",749.83,653.8,850.04,"India","All","Monthly","-128.78"
"2021-05-01","Water Melon",878.61,769.35,992.57,"India","All","Monthly","-513.18"
"2021-04-01","Water Melon",1391.79,1232.04,1568.05,"India","All","Monthly","+119.13"
"2021-03-01","Water Melon",1272.66,1089.42,1464.86,"India","All","Monthly","+26.56"
"2021-02-01","Water Melon",1246.1,1056.02,1445.18,"India","All","Monthly","+68.69"
"2021-01-01","Water Melon",1177.41,1007.69,1358.13,"India","All","Monthly","-97.72"
"2020-12-01","Water Melon",1275.13,1074.48,1515.19,"India","All","Monthly","-192.92"
"2020-11-01","Water Melon",1468.05,1227.47,1751.82,"India","All","Monthly","-417.14"
"2020-10-01","Water Melon",1885.19,1566.85,2199.14,"India","All","Monthly","+165.87"
"2020-09-01","Water Melon",1719.32,1445.08,1999.62,"India","All","Monthly","+421.52"
"2020-08-01","Water Melon",1297.8,1098.24,1504.49,"India","All","Monthly","+159.76"
"2020-07-01","Water Melon",1138.04,979.03,1281.23,"India","All","Monthly","+405.04"
"2020-06-01","Water Melon",733,635.73,828.18,"India","All","Monthly","-238.45"
"2020-05-01","Water Melon",971.45,848.97,1091.97,"India","All","Monthly","-454.74"
"2020-04-01","Water Melon",1426.19,1245.33,1589.42,"India","All","Monthly","-272.28"
"2020-03-01","Water Melon",1698.47,1406.76,1983.94,"India","All","Monthly","-140.62"
"2020-02-01","Water Melon",1839.09,1565.04,2112.35,"India","All","Monthly","-143.63"
"2020-01-01","Water Melon",1982.72,1727.41,2235.26,"India","All","Monthly","+124.53"
"2019-12-01","Water Melon",1858.19,1598.88,2148.5,"India","All","Monthly","+109.41"
"2019-11-01","Water Melon",1748.78,1490.67,1986.81,"India","All","Monthly","+110.25"
"2019-10-01","Water Melon",1638.53,1426.86,1846.61,"India","All","Monthly","-40.23"
"2019-09-01","Water Melon",1678.76,1432.05,1918.25,"India","All","Monthly","+217.32"
"2019-08-01","Water Melon",1461.44,1214.92,1711.23,"India","All","Monthly","+320.88"
"2019-07-01","Water Melon",1140.56,998.31,1303.08,"India","All","Monthly","+485.74"
"2019-06-01","Water Melon",654.82,565.18,749.77,"India","All","Monthly","-347.22"
"2019-05-01","Water Melon",1002.04,873.15,1139.13,"India","All","Monthly","-282.89"
"2019-04-01","Water Melon",1284.93,1100.55,1464.67,"India","All","Monthly","-28.32"
"2019-03-01","Water Melon",1313.25,1121.29,1511.06,"India","All","Monthly","+53.93"
"2019-02-01","Water Melon",1259.32,1069.76,1469.25,"India","All","Monthly","-13.05"
"2019-01-01","Water Melon",1272.37,1092.12,1438.3,"India","All","Monthly","-85.11"
"2018-12-01","Water Melon",1357.48,1151,1548.42,"India","All","Monthly","-140.62"
"2018-11-01","Water Melon",1498.1,1288.41,1732.32,"India","All","Monthly","+50.70"
"2018-10-01","Water Melon",1447.4,1223.98,1682.73,"India","All","Monthly","+231.97"
"2018-09-01","Water Melon",1215.43,1038.51,1412.59,"India","All","Monthly","+6.33"
"2018-08-01","Water Melon",1209.1,1037.84,1375.41,"India","All","Monthly","-19.44"
"2018-07-01","Water Melon",1228.54,1086.36,1364.17,"India","All","Monthly","+255.45"
"2018-06-01","Water Melon",973.09,847.11,1101.81,"India","All","Monthly","+97.46"
"2018-05-01","Water Melon",875.63,762.36,993.02,"India","All","Monthly","-309.40"
"2018-04-01","Water Melon",1185.03,1015.76,1344.03,"India","All","Monthly","-399.79"
"2018-03-01","Water Melon",1584.82,1377.62,1784.54,"India","All","Monthly","+210.79"
"2018-02-01","Water Melon",1374.03,1179.34,1572.99,"India","All","Monthly","-5.92"
"2018-01-01","Water Melon",1379.95,1219.46,1543.86,"India","All","Monthly","-108.63"
"2017-12-01","Water Melon",1488.58,1323.4,1640.6,"India","All","Monthly","+14.69"
"2017-11-01","Water Melon",1473.89,1298.78,1631.04,"India","All","Monthly","-28.36"
"2017-10-01","Water Melon",1502.25,1324.19,1661.16,"India","All","Monthly","-219.83"
"2017-09-01","Water Melon",1722.08,1540.14,1893.11,"India","All","Monthly","-46.61"
"2017-08-01","Water Melon",1768.69,1592.66,1919.08,"India","All","Monthly","+169.11"
"2017-07-01","Water Melon",1599.58,1424.24,1770.43,"India","All","Monthly","+894.18"
"2017-06-01","Water Melon",705.4,598.32,803.69,"India","All","Monthly","-53.53"
"2017-05-01","Water Melon",758.93,639.28,879.44,"India","All","Monthly","-361.58"
"2017-04-01","Water Melon",1120.51,935.85,1306.01,"India","All","Monthly","-213.97"
"2017-03-01","Water Melon",1334.48,1118.23,1556.14,"India","All","Monthly","+44.40"
"2017-02-01","Water Melon",1290.08,1116.89,1457.01,"India","All","Monthly","-77.30"
"2017-01-01","Water Melon",1367.38,1202.78,1517.82,"India","All","Monthly","N/A"